"DESCRIPTION","DURATION IN MS","NAME","PARENT SUITE","START TIME","STATUS","STOP TIME","SUB SUITE","SUITE","TEST CLASS","TEST METHOD"
"","0","handles already uppercase first character","Utils","Tue Oct 14 14:01:16 UTC 2025","passed","Tue Oct 14 14:01:16 UTC 2025","","firstUpperCase","",""
"","0","should create ImportPostsEndpointConfig with useBlogPkg true","WordPress API Configs","Tue Oct 14 14:00:58 UTC 2025","passed","Tue Oct 14 14:00:58 UTC 2025","","ImportPostsEndpointConfig","",""
"","2","returns yellow for >100 and <=200","webVitalsUtils","Tue Oct 14 14:01:00 UTC 2025","passed","Tue Oct 14 14:01:00 UTC 2025","","progressBarInpColor","",""
"","0","should return true for a date within the last 30 days","checkDate","Tue Oct 14 14:01:32 UTC 2025","passed","Tue Oct 14 14:01:32 UTC 2025","","","",""
"","1","readAPIContextFormData: should fail if request.formData throws","API Context Utils","Tue Oct 14 14:01:13 UTC 2025","passed","Tue Oct 14 14:01:13 UTC 2025","","","",""
"","0","returns yellow for <=100","webVitalsUtils","Tue Oct 14 14:01:00 UTC 2025","passed","Tue Oct 14 14:01:00 UTC 2025","","progressBarInpTrackColor","",""
"","0","should handle function that returns undefined","tryCatch","Tue Oct 14 14:01:01 UTC 2025","passed","Tue Oct 14 14:01:01 UTC 2025","","edge cases","",""
"","1","should handle very long URLs","cloudinaryImageService","Tue Oct 14 14:01:03 UTC 2025","passed","Tue Oct 14 14:01:03 UTC 2025","","edge cases","",""
"","0","should convert hyphens to underscores and back","String Utilities","Tue Oct 14 14:01:01 UTC 2025","passed","Tue Oct 14 14:01:01 UTC 2025","","integration tests","",""
"","1","should export multiple named constants","buildNamedMultiExportVirtual","Tue Oct 14 14:01:21 UTC 2025","passed","Tue Oct 14 14:01:21 UTC 2025","","","",""
"","1","should not include extra keys","buildAliasExports","Tue Oct 14 14:01:25 UTC 2025","passed","Tue Oct 14 14:01:25 UTC 2025","","","",""
"","0","should return false for a date older than 24 hours","checkDate","Tue Oct 14 14:01:32 UTC 2025","passed","Tue Oct 14 14:01:32 UTC 2025","","","",""
"","1","should reject invalid post format values","WordPress API Schema","Tue Oct 14 14:00:59 UTC 2025","passed","Tue Oct 14 14:00:59 UTC 2025","","PostFormatSchema","",""
"","0","should handle missing variables in non-strict mode","TemplateEngine","Tue Oct 14 14:01:18 UTC 2025","passed","Tue Oct 14 14:01:18 UTC 2025","","Basic functionality","",""
"","1","returns error if no Props found","PropsParser","Tue Oct 14 14:01:21 UTC 2025","passed","Tue Oct 14 14:01:21 UTC 2025","","extractPropsFromAstroFile","",""
"","1","does not log info/debug when verbose is false","integrationLogger","Tue Oct 14 14:01:14 UTC 2025","passed","Tue Oct 14 14:01:14 UTC 2025","","","",""
"","0","should render nested properties","TemplateRenderer","Tue Oct 14 14:01:21 UTC 2025","passed","Tue Oct 14 14:01:21 UTC 2025","","Basic rendering","",""
"","2","removes leading and trailing underscores","safeString","Tue Oct 14 14:01:41 UTC 2025","passed","Tue Oct 14 14:01:41 UTC 2025","","","",""
"","1","GET returns empty sitemapindex if no sitemaps","GET","Tue Oct 14 14:01:25 UTC 2025","passed","Tue Oct 14 14:01:25 UTC 2025","","","",""
"","8","Editor with very long content","Editor component","Tue Oct 14 14:01:06 UTC 2025","passed","Tue Oct 14 14:01:06 UTC 2025","","","",""
"","0","should handle string with no underscores","String Utilities","Tue Oct 14 14:01:01 UTC 2025","passed","Tue Oct 14 14:01:01 UTC 2025","","convertUnderscoresToHyphens","",""
"","1","should throw if sample size is not a number","RouteSummaryRowSchema","Tue Oct 14 14:01:21 UTC 2025","passed","Tue Oct 14 14:01:21 UTC 2025","","","",""
"","1","throws on unexpected node type","loadChangelog","Tue Oct 14 14:01:20 UTC 2025","passed","Tue Oct 14 14:01:20 UTC 2025","","","",""
"","0","returns undefined if configPaths is empty","Watcher Utils","Tue Oct 14 14:01:31 UTC 2025","passed","Tue Oct 14 14:01:31 UTC 2025","","findConfig","",""
"","0","should return the correct message from cause","SDKCoreError","Tue Oct 14 14:01:40 UTC 2025","passed","Tue Oct 14 14:01:40 UTC 2025","","","",""
"","4","Renderer with complex markdown content","MDX Renderer component","Tue Oct 14 14:01:11 UTC 2025","passed","Tue Oct 14 14:01:11 UTC 2025","","","",""
"","0","should allow updating options after creation","TemplateEngine","Tue Oct 14 14:01:18 UTC 2025","passed","Tue Oct 14 14:01:18 UTC 2025","","Options management","",""
"","0","hides index if hideDefaultIndex is true","filterPagesByDraftAndIndex","Tue Oct 14 14:01:05 UTC 2025","passed","Tue Oct 14 14:01:05 UTC 2025","","","",""
"","3","Editor with special characters","Editor component","Tue Oct 14 14:01:06 UTC 2025","passed","Tue Oct 14 14:01:06 UTC 2025","","","",""
"","0","throws error for invalid blockElements type","WYSIWYG Types and Schema","Tue Oct 14 14:01:07 UTC 2025","passed","Tue Oct 14 14:01:07 UTC 2025","","WYSIWYGSchema","",""
"","1","should validate single sidebar page","DashboardPageSchema","Tue Oct 14 14:01:06 UTC 2025","passed","Tue Oct 14 14:01:06 UTC 2025","","","",""
"","3","getUserData returns logged out session if no token","User Module","Tue Oct 14 14:01:03 UTC 2025","passed","Tue Oct 14 14:01:03 UTC 2025","","","",""
"","2","should aggregate page views correctly for perRouteData","buildPageRouteDataObject","Tue Oct 14 14:01:24 UTC 2025","passed","Tue Oct 14 14:01:24 UTC 2025","","","",""
"","0","should default providers to {}","authConfigSchema","Tue Oct 14 14:01:24 UTC 2025","passed","Tue Oct 14 14:01:24 UTC 2025","","","",""
"","2","writes cache after fetching in dev mode","getLatestVersion","Tue Oct 14 14:01:13 UTC 2025","passed","Tue Oct 14 14:01:13 UTC 2025","","","",""
"","0","returns ""Visitor"" for ""visitor""","getLabelForPermissionLevel","Tue Oct 14 14:01:43 UTC 2025","passed","Tue Oct 14 14:01:43 UTC 2025","","","",""
"","0","returns undefined for string with only spaces","heroHelper tests","Tue Oct 14 14:01:20 UTC 2025","passed","Tue Oct 14 14:01:20 UTC 2025","","trimInput","",""
"","0","astroComponentVirtual exports components with custom names","VirtualModuleBuilder","Tue Oct 14 14:01:21 UTC 2025","passed","Tue Oct 14 14:01:21 UTC 2025","","","",""
"","1","should handle very large dimensions","cloudinaryImageService","Tue Oct 14 14:01:03 UTC 2025","passed","Tue Oct 14 14:01:03 UTC 2025","","edge cases","",""
"","0","should export NotificationSettingsDefaults","consts.ts","Tue Oct 14 14:01:07 UTC 2025","passed","Tue Oct 14 14:01:07 UTC 2025","","","",""
"","0","should return empty string for non-indented line","String Utilities","Tue Oct 14 14:01:01 UTC 2025","passed","Tue Oct 14 14:01:01 UTC 2025","","getIndent","",""
"","2","isUserAllowed returns true if user has required permission","User Module","Tue Oct 14 14:01:03 UTC 2025","passed","Tue Oct 14 14:01:03 UTC 2025","","","",""
"","3","validates sanitize options","WYSIWYG Types and Schema","Tue Oct 14 14:01:07 UTC 2025","passed","Tue Oct 14 14:01:07 UTC 2025","","WYSIWYGSchema","",""
"","11","skips cleaning if --no-clean-dist is passed","builder","Tue Oct 14 14:01:13 UTC 2025","passed","Tue Oct 14 14:01:13 UTC 2025","","","",""
"","11","should handle complex prop types","ComponentRegistry","Tue Oct 14 14:00:57 UTC 2025","passed","Tue Oct 14 14:00:57 UTC 2025","","registerComponentFromFile","",""
"","5","render component","Components Container tests","Tue Oct 14 14:01:12 UTC 2025","passed","Tue Oct 14 14:01:12 UTC 2025","ThemeManager component","Shared components","",""
"","1","getDefaultUserSession returns correct default session","User Utils","Tue Oct 14 14:01:21 UTC 2025","passed","Tue Oct 14 14:01:21 UTC 2025","","","",""
"","0","logs and throws error for default","throwMsg","Tue Oct 14 14:01:03 UTC 2025","passed","Tue Oct 14 14:01:03 UTC 2025","","","",""
"","1","creates renderer with custom components","renderReact","Tue Oct 14 14:01:05 UTC 2025","passed","Tue Oct 14 14:01:05 UTC 2025","","","",""
"","0","returns code point unchanged if not mapped or invalid","decode-codepoint","Tue Oct 14 14:01:32 UTC 2025","passed","Tue Oct 14 14:01:32 UTC 2025","","replaceCodePoint","",""
"","1","should generate sorted languageSelectorOptions","i18n/config","Tue Oct 14 14:01:39 UTC 2025","passed","Tue Oct 14 14:01:39 UTC 2025","","","",""
"","0","should reject array with non-numbers","WordPress API Schema","Tue Oct 14 14:00:59 UTC 2025","passed","Tue Oct 14 14:00:59 UTC 2025","","NumberArray","",""
"","11","should handle network requests simulation","tryCatch","Tue Oct 14 14:01:01 UTC 2025","passed","Tue Oct 14 14:01:01 UTC 2025","","real-world usage examples","",""
"","10","parses semver categories and changes","loadChangelog","Tue Oct 14 14:01:20 UTC 2025","passed","Tue Oct 14 14:01:20 UTC 2025","","","",""
"","2","Renderer handles code blocks with syntax highlighting","MarkDoc Renderer component","Tue Oct 14 14:01:03 UTC 2025","passed","Tue Oct 14 14:01:03 UTC 2025","","Edge cases","",""
"","1","should persist custom options to shared.htmlConfig","studiocmsHTML","Tue Oct 14 14:01:07 UTC 2025","passed","Tue Oct 14 14:01:07 UTC 2025","","plugin hooks","",""
"","5","renders links and emphasis","parseMarkdown","Tue Oct 14 14:01:41 UTC 2025","passed","Tue Oct 14 14:01:41 UTC 2025","","","",""
"","5","verifyUsernameInput returns error string for invalid username","User Module","Tue Oct 14 14:01:02 UTC 2025","passed","Tue Oct 14 14:01:02 UTC 2025","","","",""
"","0","should validate rendered protected data structure","WordPress API Schema","Tue Oct 14 14:00:59 UTC 2025","passed","Tue Oct 14 14:00:59 UTC 2025","","RenderedProtectData","",""
"","0","should validate empty number array","WordPress API Schema","Tue Oct 14 14:00:59 UTC 2025","passed","Tue Oct 14 14:00:59 UTC 2025","","NumberArray","",""
"","0","should handle function that returns null","tryCatch","Tue Oct 14 14:01:01 UTC 2025","passed","Tue Oct 14 14:01:01 UTC 2025","","edge cases","",""
"","11","should return original src when Cloudinary throws error","cloudinaryImageService","Tue Oct 14 14:01:03 UTC 2025","passed","Tue Oct 14 14:01:03 UTC 2025","","error handling","",""
"","3","should create a plugin with default options","studiocmsHTML","Tue Oct 14 14:01:07 UTC 2025","passed","Tue Oct 14 14:01:07 UTC 2025","","plugin creation","",""
"","0","should handle no indentation","String Utilities","Tue Oct 14 14:01:01 UTC 2025","passed","Tue Oct 14 14:01:01 UTC 2025","","dedent","",""
"","6","Renderer throws with no props","Renderer component","Tue Oct 14 14:01:43 UTC 2025","passed","Tue Oct 14 14:01:43 UTC 2025","","","",""
"","0","should create a config layer successfully","Scrypt Module","Tue Oct 14 14:01:00 UTC 2025","passed","Tue Oct 14 14:01:00 UTC 2025","","ScryptConfig","",""
"","0","createMockLogger delegates to console and supports fork","StudioCMSPluginTester","Tue Oct 14 14:01:18 UTC 2025","passed","Tue Oct 14 14:01:18 UTC 2025","","","",""
"","20","measures longer execution for slow callbacks","measureExecutionTime","Tue Oct 14 14:01:33 UTC 2025","passed","Tue Oct 14 14:01:33 UTC 2025","","","",""
"","2","should execute custom mailer functions","SMTP Service","Tue Oct 14 14:01:03 UTC 2025","passed","Tue Oct 14 14:01:03 UTC 2025","","Mailer function","",""
"","1","should handle minimal config","schema","Tue Oct 14 14:01:17 UTC 2025","passed","Tue Oct 14 14:01:17 UTC 2025","","StudioCMSDevAppsSchema","",""
"","2","replaces [...slug] with provided slug","getBlogRoute","Tue Oct 14 14:01:23 UTC 2025","passed","Tue Oct 14 14:01:23 UTC 2025","","","",""
"","0","should set correct endpoint path","@studiocms/auth0","Tue Oct 14 14:01:07 UTC 2025","passed","Tue Oct 14 14:01:07 UTC 2025","","OAuth provider configuration","",""
"","2","returns ""Administrator"" for ""admin""","getLabelForPermissionLevel","Tue Oct 14 14:01:43 UTC 2025","passed","Tue Oct 14 14:01:43 UTC 2025","","","",""
"","1","should validate a text input field","FieldSchema","Tue Oct 14 14:01:06 UTC 2025","passed","Tue Oct 14 14:01:06 UTC 2025","","","",""
"","1","should create config layer using static method","Scrypt Module","Tue Oct 14 14:01:01 UTC 2025","passed","Tue Oct 14 14:01:01 UTC 2025","","Scrypt.makeConfig static method","",""
"","2","merges general values without overwriting security/plugins","setLocals","Tue Oct 14 14:01:14 UTC 2025","passed","Tue Oct 14 14:01:14 UTC 2025","","","",""
"","0","returns NaN if no CLS values","webVitalsUtils","Tue Oct 14 14:01:00 UTC 2025","passed","Tue Oct 14 14:01:00 UTC 2025","","clsDataAverage","",""
"","1","should compile templates for reuse","TemplateEngine","Tue Oct 14 14:01:18 UTC 2025","passed","Tue Oct 14 14:01:18 UTC 2025","","Template compilation","",""
"","0","should handle components with props","transformHTML","Tue Oct 14 14:01:06 UTC 2025","passed","Tue Oct 14 14:01:06 UTC 2025","","","",""
"","0","returns trimmed hero if provided","heroHelper tests","Tue Oct 14 14:01:20 UTC 2025","passed","Tue Oct 14 14:01:20 UTC 2025","getHeroImage","trimInput","",""
"","0","constantTimeEqual returns false for different strings","Password Utils","Tue Oct 14 14:01:26 UTC 2025","passed","Tue Oct 14 14:01:26 UTC 2025","","","",""
"","1","fetches and updates cache if dev mode and cache is stale","getLatestVersion","Tue Oct 14 14:01:13 UTC 2025","passed","Tue Oct 14 14:01:13 UTC 2025","","","",""
"","4","should read and parse JSON file successfully","readJson","Tue Oct 14 14:01:25 UTC 2025","passed","Tue Oct 14 14:01:25 UTC 2025","","","",""
"","0","convertToSafeString returns empty string for empty input","utils/safeString","Tue Oct 14 14:01:40 UTC 2025","passed","Tue Oct 14 14:01:40 UTC 2025","","","",""
"","0","stripLeadingAndTrailingSlashes removes both","pathGenerators","Tue Oct 14 14:01:23 UTC 2025","passed","Tue Oct 14 14:01:23 UTC 2025","","","",""
"","10","logs message at specified logLevel when verbose is true","integrationLogger","Tue Oct 14 14:01:14 UTC 2025","passed","Tue Oct 14 14:01:14 UTC 2025","","","",""
"","1","should apply error middleware if provided","Api-Route Tests","Tue Oct 14 14:01:00 UTC 2025","passed","Tue Oct 14 14:01:00 UTC 2025","","withEffectAPI tests","",""
"","3","should create a plugin with correct metadata","@studiocms/auth0","Tue Oct 14 14:01:07 UTC 2025","passed","Tue Oct 14 14:01:07 UTC 2025","","plugin creation","",""
"","8","returns correct permission level for each user type","getUserPermissionLevel","Tue Oct 14 14:01:14 UTC 2025","passed","Tue Oct 14 14:01:14 UTC 2025","","","",""
"","2","returns false if path is undefined","Watcher Utils","Tue Oct 14 14:01:31 UTC 2025","passed","Tue Oct 14 14:01:31 UTC 2025","","exists","",""
"","3","should propagate errors from the handler","Api-Route Tests","Tue Oct 14 14:01:00 UTC 2025","passed","Tue Oct 14 14:01:00 UTC 2025","","withEffectAPI tests","",""
"","1","should work with complex real-world HTML","transformHTML","Tue Oct 14 14:01:06 UTC 2025","passed","Tue Oct 14 14:01:06 UTC 2025","","integration tests","",""
"","0","throws if CMS_ENCRYPTION_KEY is not valid base64","Config Helper","Tue Oct 14 14:01:04 UTC 2025","passed","Tue Oct 14 14:01:04 UTC 2025","","makePasswordModConfig","",""
"","0","should have correct plugin name","@studiocms/auth0","Tue Oct 14 14:01:07 UTC 2025","passed","Tue Oct 14 14:01:07 UTC 2025","","plugin structure","",""
"","0","should return an HTML string containing the provided link (URL object)","passwordReset template","Tue Oct 14 14:01:38 UTC 2025","passed","Tue Oct 14 14:01:38 UTC 2025","","","",""
"","4","should define baseServerTranslations with English translations","i18n/config","Tue Oct 14 14:01:39 UTC 2025","passed","Tue Oct 14 14:01:39 UTC 2025","","","",""
"","0","returns undefined for empty string","heroHelper tests","Tue Oct 14 14:01:20 UTC 2025","passed","Tue Oct 14 14:01:20 UTC 2025","","trimInput","",""
"","1","should set showOAuth to true if any provider is enabled","oAuthButtonProviders","Tue Oct 14 14:01:47 UTC 2025","passed","Tue Oct 14 14:01:47 UTC 2025","","","",""
"","1","runStudioCMSConfigHook collects config options","StudioCMSPluginTester","Tue Oct 14 14:01:18 UTC 2025","passed","Tue Oct 14 14:01:18 UTC 2025","","","",""
"","1","should detect if template has variables","TemplateEngine","Tue Oct 14 14:01:18 UTC 2025","passed","Tue Oct 14 14:01:18 UTC 2025","","Variable detection","",""
"","2","returns isValid=false for tampered signature","generateJwt & verifyJwt","Tue Oct 14 14:01:17 UTC 2025","passed","Tue Oct 14 14:01:17 UTC 2025","","","",""
"","1","CheckIfUnsafe.password returns true for a common password","CheckIfUnsafe Utils","Tue Oct 14 14:01:36 UTC 2025","passed","Tue Oct 14 14:01:36 UTC 2025","","","",""
"","0","should handle empty templates","TemplateEngine","Tue Oct 14 14:01:18 UTC 2025","passed","Tue Oct 14 14:01:18 UTC 2025","","Basic functionality","",""
"","1","should allow overriding features","StudioCMSOptionsSchema","Tue Oct 14 14:01:27 UTC 2025","passed","Tue Oct 14 14:01:27 UTC 2025","","","",""
"","3","should throw AstroError if url is malformed","getUrlParam","Tue Oct 14 14:01:29 UTC 2025","passed","Tue Oct 14 14:01:29 UTC 2025","","","",""
"","0","returns yellow for >0.25 and <=0.5","webVitalsUtils","Tue Oct 14 14:01:00 UTC 2025","passed","Tue Oct 14 14:01:00 UTC 2025","","clsTextColor","",""
"","0","returns replacement character for invalid code points","replaceCodePoint","Tue Oct 14 14:01:22 UTC 2025","passed","Tue Oct 14 14:01:22 UTC 2025","","","",""
"","3","renders markdown using StudioCMS processor by default","preRender","Tue Oct 14 14:01:24 UTC 2025","passed","Tue Oct 14 14:01:24 UTC 2025","","","",""
"","2","should return result and null error for successful sync function","tryCatch","Tue Oct 14 14:01:01 UTC 2025","passed","Tue Oct 14 14:01:01 UTC 2025","","with synchronous functions","",""
"","1","should define required environment variables","@studiocms/google","Tue Oct 14 14:01:08 UTC 2025","passed","Tue Oct 14 14:01:08 UTC 2025","","hooks","",""
"","3","getUserData returns logged out session if session invalid","User Module","Tue Oct 14 14:01:03 UTC 2025","passed","Tue Oct 14 14:01:03 UTC 2025","","","",""
"","0","trims site defaultOgImage before returning","heroHelper tests","Tue Oct 14 14:01:20 UTC 2025","passed","Tue Oct 14 14:01:20 UTC 2025","getHeroImage","trimInput","",""
"","1","generates a valid JWT and verifies it","generateJwt & verifyJwt","Tue Oct 14 14:01:17 UTC 2025","passed","Tue Oct 14 14:01:17 UTC 2025","","","",""
"","5","throws if host is not a string","validateHost","Tue Oct 14 14:01:03 UTC 2025","passed","Tue Oct 14 14:01:03 UTC 2025","","","",""
"","1","should export an array of valid images","validImages","Tue Oct 14 14:01:38 UTC 2025","passed","Tue Oct 14 14:01:38 UTC 2025","","","",""
"","1","renders multiple children","MarkDocReactRenderer","Tue Oct 14 14:01:26 UTC 2025","passed","Tue Oct 14 14:01:26 UTC 2025","","","",""
"","1","accepts valid props and returns a string","StudioCMSImageService","Tue Oct 14 14:01:22 UTC 2025","passed","Tue Oct 14 14:01:22 UTC 2025","","","",""
"","1","should call the handler with the context and return its response","Api-Route Tests","Tue Oct 14 14:01:00 UTC 2025","passed","Tue Oct 14 14:01:00 UTC 2025","","createEffectAPIRoute tests","",""
"","1","removes defaultContent and multiLangContent from array","convertCombinedPageDataToMetaOnly","Tue Oct 14 14:01:05 UTC 2025","passed","Tue Oct 14 14:01:05 UTC 2025","","","",""
"","0","should have ""custom"" image with format ""web"" and null light/dark","validImages","Tue Oct 14 14:01:38 UTC 2025","passed","Tue Oct 14 14:01:38 UTC 2025","","","",""
"","0","should default allowedOrigins to *","response-helpers","Tue Oct 14 14:01:12 UTC 2025","passed","Tue Oct 14 14:01:12 UTC 2025","","OptionsResponse","",""
"","8","render component","Virtual Components Container tests","Tue Oct 14 14:01:34 UTC 2025","passed","Tue Oct 14 14:01:34 UTC 2025","","FormattedDate component","",""
"","29","Navigation renders correctly","Navigation component","Tue Oct 14 14:01:45 UTC 2025","passed","Tue Oct 14 14:01:45 UTC 2025","","","",""
"","11","should return null result and error for rejecting async function","tryCatch","Tue Oct 14 14:01:01 UTC 2025","passed","Tue Oct 14 14:01:01 UTC 2025","","with asynchronous functions","",""
"","1","should resolve plain built-in modules","nodeNamespaceBuiltinsAstro","Tue Oct 14 14:01:31 UTC 2025","passed","Tue Oct 14 14:01:31 UTC 2025","","resolveBuiltIns","",""
"","1","decodes numeric HTML entities","decodeHTML","Tue Oct 14 14:01:22 UTC 2025","passed","Tue Oct 14 14:01:22 UTC 2025","","","",""
"","0","throws if userAgent missing","generateContent","Tue Oct 14 14:01:03 UTC 2025","passed","Tue Oct 14 14:01:03 UTC 2025","","","",""
"","3","testToken throws on invalid token","SDKCore_Generators","Tue Oct 14 14:01:33 UTC 2025","passed","Tue Oct 14 14:01:33 UTC 2025","","","",""
"","2","should parse a valid route summary row","RouteSummaryRowSchema","Tue Oct 14 14:01:21 UTC 2025","passed","Tue Oct 14 14:01:21 UTC 2025","","","",""
"","0","should strip leading slash from path","pathGenerator utilities","Tue Oct 14 14:01:21 UTC 2025","passed","Tue Oct 14 14:01:21 UTC 2025","","pathWithBase","",""
"","0","should reject invalid types","WordPress API Configs","Tue Oct 14 14:00:58 UTC 2025","passed","Tue Oct 14 14:00:58 UTC 2025","","APIEndpointConfig","",""
"","0","returns NaN if no INP values","webVitalsUtils","Tue Oct 14 14:01:00 UTC 2025","passed","Tue Oct 14 14:01:00 UTC 2025","","inpDataAverage","",""
"","1","should transform object config to object format","schema","Tue Oct 14 14:01:17 UTC 2025","passed","Tue Oct 14 14:01:17 UTC 2025","","AppsConfigSchema","",""
"","0","logs and throws error for type true","throwMsg","Tue Oct 14 14:01:03 UTC 2025","passed","Tue Oct 14 14:01:03 UTC 2025","","","",""
"","1","should maintain reference consistency","shared module","Tue Oct 14 14:01:18 UTC 2025","passed","Tue Oct 14 14:01:18 UTC 2025","","shared object","",""
"","6","merges two simple objects","deepmerge test","Tue Oct 14 14:01:23 UTC 2025","passed","Tue Oct 14 14:01:23 UTC 2025","","deepmerge utility","",""
"","1","should create valid config options with brand","Scrypt Module","Tue Oct 14 14:01:00 UTC 2025","passed","Tue Oct 14 14:01:00 UTC 2025","","ScryptConfigOptions","",""
"","0","returns fallback if both hero and site defaultOgImage are whitespace","heroHelper tests","Tue Oct 14 14:01:20 UTC 2025","passed","Tue Oct 14 14:01:20 UTC 2025","getHeroImage","trimInput","",""
"","2","StudioCMSRoutes.mainLinks contains expected keys","routeMap","Tue Oct 14 14:01:07 UTC 2025","passed","Tue Oct 14 14:01:07 UTC 2025","","","",""
"","2","should set the tag and cause","LibSQLClientError","Tue Oct 14 14:01:15 UTC 2025","passed","Tue Oct 14 14:01:15 UTC 2025","","","",""
"","0","should transform rating end 0 to false","MetricSummaryRowSchema","Tue Oct 14 14:01:21 UTC 2025","passed","Tue Oct 14 14:01:21 UTC 2025","","","",""
"","5","should handle null/undefined plugin configurations","renderMDX","Tue Oct 14 14:00:55 UTC 2025","passed","Tue Oct 14 14:00:55 UTC 2025","","Edge cases","",""
"","0","should have correct plugin name","@studiocms/github","Tue Oct 14 14:01:08 UTC 2025","passed","Tue Oct 14 14:01:08 UTC 2025","","plugin structure","",""
"","0","supports DecodingMode.Legacy by default","decodeHTML","Tue Oct 14 14:01:22 UTC 2025","passed","Tue Oct 14 14:01:22 UTC 2025","","","",""
"","2","should handle complex JSX with nested components","renderMDX","Tue Oct 14 14:00:55 UTC 2025","passed","Tue Oct 14 14:00:55 UTC 2025","","Edge cases","",""
"","0","should configure Discord as OAuth provider","@studiocms/discord","Tue Oct 14 14:01:08 UTC 2025","passed","Tue Oct 14 14:01:08 UTC 2025","","OAuth provider configuration","",""
"","0","returns export statement with empty string comp","rendererComponentFilter","Tue Oct 14 14:01:33 UTC 2025","passed","Tue Oct 14 14:01:33 UTC 2025","","","",""
"","4","Editor with empty content","Editor component","Tue Oct 14 14:01:06 UTC 2025","passed","Tue Oct 14 14:01:06 UTC 2025","","","",""
"","0","should provide default empty object when empty object provided","HTMLSchema","Tue Oct 14 14:01:27 UTC 2025","passed","Tue Oct 14 14:01:27 UTC 2025","","default values","",""
"","0","falls back to default language if translation missing","i18n/server","Tue Oct 14 14:01:24 UTC 2025","passed","Tue Oct 14 14:01:24 UTC 2025","","useTranslations","",""
"","0","parseFormDataEntryToString: should return null for non-string value","API Context Utils","Tue Oct 14 14:01:13 UTC 2025","passed","Tue Oct 14 14:01:13 UTC 2025","","","",""
"","1","deleteSessionTokenCookie sets cookie with empty value and maxAge 0","Session Module","Tue Oct 14 14:01:12 UTC 2025","passed","Tue Oct 14 14:01:12 UTC 2025","","","",""
"","0","should not add items to any array if name does not match collect","buildDataObject","Tue Oct 14 14:01:17 UTC 2025","passed","Tue Oct 14 14:01:17 UTC 2025","","","",""
"","1","renderMarkDoc with react-static renderer","MarkDoc Render Library","Tue Oct 14 14:00:58 UTC 2025","passed","Tue Oct 14 14:00:58 UTC 2025","","","",""
"","0","should have no required dependencies","@studiocms/github","Tue Oct 14 14:01:08 UTC 2025","passed","Tue Oct 14 14:01:08 UTC 2025","","plugin structure","",""
"","0","defaults cacheConfig properties","ProcessedSDKSchema","Tue Oct 14 14:01:16 UTC 2025","passed","Tue Oct 14 14:01:16 UTC 2025","","","",""
"","27","Renderer with valid Markdoc content","MarkDoc Renderer component","Tue Oct 14 14:01:03 UTC 2025","passed","Tue Oct 14 14:01:03 UTC 2025","","","",""
"","5","should create a plugin with default options","studiocms/blog","Tue Oct 14 14:01:26 UTC 2025","passed","Tue Oct 14 14:01:26 UTC 2025","","plugin creation","",""
"","0","should create layer with makeLayer","WordPress API Configs","Tue Oct 14 14:00:58 UTC 2025","passed","Tue Oct 14 14:00:58 UTC 2025","","CategoryOrTagConfig","",""
"","1","should set type and cause correctly","SDKCoreError","Tue Oct 14 14:01:40 UTC 2025","passed","Tue Oct 14 14:01:40 UTC 2025","","","",""
"","1","should have the correct hooks defined","@studiocms/discord","Tue Oct 14 14:01:08 UTC 2025","passed","Tue Oct 14 14:01:08 UTC 2025","","hooks","",""
"","0","should be a string","FALLBACK_OG_IMAGE","Tue Oct 14 14:01:46 UTC 2025","passed","Tue Oct 14 14:01:46 UTC 2025","","","",""
"","30","should work with different scrypt parameters","Scrypt Module","Tue Oct 14 14:01:01 UTC 2025","passed","Tue Oct 14 14:01:01 UTC 2025","","Scrypt Service","",""
"","68","hashPassword produces a secure password string","Password Module","Tue Oct 14 14:01:30 UTC 2025","passed","Tue Oct 14 14:01:31 UTC 2025","","","",""
"","0","should create path builder function","pathGenerator utilities","Tue Oct 14 14:01:21 UTC 2025","passed","Tue Oct 14 14:01:21 UTC 2025","","pathGenerator","",""
"","13","handles undefined components","renderReact","Tue Oct 14 14:01:05 UTC 2025","passed","Tue Oct 14 14:01:05 UTC 2025","","","",""
"","0","throws for config.sitemap as number","generateSitemapContent","Tue Oct 14 14:01:03 UTC 2025","passed","Tue Oct 14 14:01:03 UTC 2025","","","",""
"","4","should call studiocms:astro:config hook with addIntegrations","studiocmsMDX","Tue Oct 14 14:00:57 UTC 2025","passed","Tue Oct 14 14:00:57 UTC 2025","","plugin hooks","",""
"","0","should handle empty string","pathGenerator utilities","Tue Oct 14 14:01:21 UTC 2025","passed","Tue Oct 14 14:01:21 UTC 2025","","stripTrailingSlash","",""
"","0","includes the provided link in the button and as plain text","userInvite template","Tue Oct 14 14:01:39 UTC 2025","passed","Tue Oct 14 14:01:39 UTC 2025","","","",""
"","1","should handle empty input","buildPerPageRouteDataObject","Tue Oct 14 14:01:11 UTC 2025","passed","Tue Oct 14 14:01:11 UTC 2025","","","",""
"","0","should include Discord SVG logo","@studiocms/discord","Tue Oct 14 14:01:08 UTC 2025","passed","Tue Oct 14 14:01:08 UTC 2025","","hooks","",""
"","0","renders null children","MarkDocReactRenderer","Tue Oct 14 14:01:26 UTC 2025","passed","Tue Oct 14 14:01:26 UTC 2025","","","",""
"","0","treats undefined as lowest priority (sorted last)","Middleware Utils","Tue Oct 14 14:01:18 UTC 2025","passed","Tue Oct 14 14:01:18 UTC 2025","sortByPriority","handlerFilter","",""
"","0","throws error for invalid sanitize options","WYSIWYG Types and Schema","Tue Oct 14 14:01:07 UTC 2025","passed","Tue Oct 14 14:01:07 UTC 2025","","WYSIWYGSchema","",""
"","7","provides a service for deep merging","deepmerge test","Tue Oct 14 14:01:23 UTC 2025","passed","Tue Oct 14 14:01:23 UTC 2025","","Deepmerge Effect Service","",""
"","0","should not have astro config hook","@studiocms/github","Tue Oct 14 14:01:08 UTC 2025","passed","Tue Oct 14 14:01:08 UTC 2025","","hooks","",""
"","0","should include availableTranslations in serverUiTranslations","i18n/config","Tue Oct 14 14:01:39 UTC 2025","passed","Tue Oct 14 14:01:39 UTC 2025","","","",""
"","0","should accept arbitrary string","PageTypeDefaultsOrString","Tue Oct 14 14:01:06 UTC 2025","passed","Tue Oct 14 14:01:06 UTC 2025","","","",""
"","0","should return undefined for empty or falsy id","nodeNamespaceBuiltinsAstro","Tue Oct 14 14:01:31 UTC 2025","passed","Tue Oct 14 14:01:31 UTC 2025","","resolveBuiltIns","",""
"","2","should handle configuration without proxy","SMTP Service","Tue Oct 14 14:01:03 UTC 2025","passed","Tue Oct 14 14:01:03 UTC 2025","","Configuration conversion","",""
"","3","Renderer handles undefined content","MarkDoc Renderer component","Tue Oct 14 14:01:03 UTC 2025","passed","Tue Oct 14 14:01:03 UTC 2025","","Edge cases","",""
"","0","ValidRanks should be a readonly set","consts.ts","Tue Oct 14 14:01:07 UTC 2025","passed","Tue Oct 14 14:01:07 UTC 2025","","","",""
"","0","should handle empty path","pathGenerator utilities","Tue Oct 14 14:01:21 UTC 2025","passed","Tue Oct 14 14:01:21 UTC 2025","","pathWithBase","",""
"","11","should return result and null error for successful async function","tryCatch","Tue Oct 14 14:01:01 UTC 2025","passed","Tue Oct 14 14:01:01 UTC 2025","","with asynchronous functions","",""
"","2","the endpoint responds with the expected config","Component Registry Integration tests","Tue Oct 14 14:01:28 UTC 2025","passed","Tue Oct 14 14:01:28 UTC 2025","","the integration loads and serves basic config over endpoint","",""
"","0","sorts lower numbers before higher numbers","Middleware Utils","Tue Oct 14 14:01:18 UTC 2025","passed","Tue Oct 14 14:01:18 UTC 2025","sortByPriority","handlerFilter","",""
"","0","parses nested objects","Utils","Tue Oct 14 14:01:16 UTC 2025","passed","Tue Oct 14 14:01:16 UTC 2025","","parse","",""
"","2","render component","Components Container tests","Tue Oct 14 14:01:12 UTC 2025","passed","Tue Oct 14 14:01:12 UTC 2025","StudioCMSLogoSVG component","Auth components","",""
"","0","should export the same function as named export","studiocmsMD","Tue Oct 14 14:00:55 UTC 2025","passed","Tue Oct 14 14:00:55 UTC 2025","","default export","",""
"","3","handles renderToString with correct props","renderReact","Tue Oct 14 14:01:05 UTC 2025","passed","Tue Oct 14 14:01:05 UTC 2025","","","",""
"","1","should handle variables with spaces","TemplateParser","Tue Oct 14 14:01:31 UTC 2025","passed","Tue Oct 14 14:01:31 UTC 2025","","parse","",""
"","5","creates a MarkDoc renderer with correct name","renderReact","Tue Oct 14 14:01:05 UTC 2025","passed","Tue Oct 14 14:01:05 UTC 2025","","","",""
"","0","should have correct plugin name","@studiocms/discord","Tue Oct 14 14:01:08 UTC 2025","passed","Tue Oct 14 14:01:08 UTC 2025","","plugin structure","",""
"","0","returns FolderListCacheObject with correct data and timestamp","folderListReturn","Tue Oct 14 14:01:05 UTC 2025","passed","Tue Oct 14 14:01:05 UTC 2025","","","",""
"","4","Renderer with empty content","MDX Renderer component","Tue Oct 14 14:01:11 UTC 2025","passed","Tue Oct 14 14:01:11 UTC 2025","","","",""
"","0","should have correct plugin name","@studiocms/google","Tue Oct 14 14:01:08 UTC 2025","passed","Tue Oct 14 14:01:08 UTC 2025","","plugin structure","",""
"","2","the endpoint responds with the expected initial reports","Config Utils Integration Utility tests","Tue Oct 14 14:01:37 UTC 2025","passed","Tue Oct 14 14:01:37 UTC 2025","","the file watcher reports that its watching the config file","",""
"","1","should be a Uint16Array","xmlDecodeTree","Tue Oct 14 14:01:44 UTC 2025","passed","Tue Oct 14 14:01:44 UTC 2025","","","",""
"","0","makeNonDashboardRoute returns a string","routeMap","Tue Oct 14 14:01:07 UTC 2025","passed","Tue Oct 14 14:01:07 UTC 2025","","","",""
"","1","should reject invalid flavor","studiocmsMD","Tue Oct 14 14:00:55 UTC 2025","passed","Tue Oct 14 14:00:55 UTC 2025","","schema validation","",""
"","0","should create layer with makeLayer","WordPress API Configs","Tue Oct 14 14:00:58 UTC 2025","passed","Tue Oct 14 14:00:58 UTC 2025","","UseBlogPkgConfig","",""
"","0","returns null and logs error if unable to write to disk","getLatestVersion","Tue Oct 14 14:01:13 UTC 2025","passed","Tue Oct 14 14:01:13 UTC 2025","","","",""
"","0","should export default cache lifetime values","consts.ts","Tue Oct 14 14:01:07 UTC 2025","passed","Tue Oct 14 14:01:07 UTC 2025","","","",""
"","27","returns correct permission flags for each level","getUserPermissions","Tue Oct 14 14:01:14 UTC 2025","passed","Tue Oct 14 14:01:14 UTC 2025","","","",""
"","0","handles boolean true","SDKCacheSchema","Tue Oct 14 14:01:16 UTC 2025","passed","Tue Oct 14 14:01:16 UTC 2025","","","",""
"","15","should throw error for non-existent file","ComponentRegistry","Tue Oct 14 14:00:57 UTC 2025","passed","Tue Oct 14 14:00:57 UTC 2025","","registerComponentFromFile","",""
"","1","should create an API route with the provided handler","Api-Route Tests","Tue Oct 14 14:01:00 UTC 2025","passed","Tue Oct 14 14:01:00 UTC 2025","","withEffectAPI tests","",""
"","2","runAstroConfigHook collects integrations","StudioCMSPluginTester","Tue Oct 14 14:01:18 UTC 2025","passed","Tue Oct 14 14:01:18 UTC 2025","","","",""
"","1","validates CSRF token","WYSIWYG Store Route","Tue Oct 14 14:01:00 UTC 2025","passed","Tue Oct 14 14:01:00 UTC 2025","","","",""
"","1","should set image service configuration","Cloudinary Image Service Plugin","Tue Oct 14 14:00:56 UTC 2025","passed","Tue Oct 14 14:00:56 UTC 2025","studiocms:config:setup hook","plugin hooks","",""
"","3","should initialize service with proxy configuration","SMTP Service","Tue Oct 14 14:00:58 UTC 2025","passed","Tue Oct 14 14:00:58 UTC 2025","","SMTPService initialization","",""
"","2","should remove leading slash from path","pathGenerator utilities","Tue Oct 14 14:01:21 UTC 2025","passed","Tue Oct 14 14:01:21 UTC 2025","","stripLeadingSlash","",""
"","2","decodes a base64url-encoded string to its original value","base64UrlDecode","Tue Oct 14 14:01:17 UTC 2025","passed","Tue Oct 14 14:01:17 UTC 2025","","","",""
"","0","should create RawPageData with page data","WordPress API Configs","Tue Oct 14 14:00:58 UTC 2025","passed","Tue Oct 14 14:00:58 UTC 2025","","RawPageData","",""
"","2","returns CSS content","WYSIWYG Grapes CSS Route","Tue Oct 14 14:01:38 UTC 2025","passed","Tue Oct 14 14:01:38 UTC 2025","","","",""
"","0","should create layer with makeLayer","WordPress API Configs","Tue Oct 14 14:00:58 UTC 2025","passed","Tue Oct 14 14:00:58 UTC 2025","","FullPageData","",""
"","0","returns SiteConfigCacheObject with correct data and timestamp","siteConfigReturn","Tue Oct 14 14:01:05 UTC 2025","passed","Tue Oct 14 14:01:05 UTC 2025","","","",""
"","1","should reject invalid callouts value","studiocmsMD","Tue Oct 14 14:00:55 UTC 2025","passed","Tue Oct 14 14:00:55 UTC 2025","","schema validation","",""
"","0","should have correct minimum StudioCMS version","studiocmsMDX","Tue Oct 14 14:00:57 UTC 2025","passed","Tue Oct 14 14:00:57 UTC 2025","","plugin configuration","",""
"","2","getPluginInfo returns correct plugin metadata","StudioCMSPluginTester","Tue Oct 14 14:01:18 UTC 2025","passed","Tue Oct 14 14:01:18 UTC 2025","","","",""
"","1","should handle multiple CORS origins","Api-Route Tests","Tue Oct 14 14:01:00 UTC 2025","passed","Tue Oct 14 14:01:00 UTC 2025","","withEffectAPI tests","",""
"","4","renders editor with empty content","WYSIWYG Editor Component","Tue Oct 14 14:01:30 UTC 2025","passed","Tue Oct 14 14:01:30 UTC 2025","","","",""
"","4","render component","Components Container tests","Tue Oct 14 14:01:12 UTC 2025","passed","Tue Oct 14 14:01:12 UTC 2025","OAuthButtonStack component","Auth components","",""
"","0","the endpoint responds with 200","Config Utils Integration Utility tests","Tue Oct 14 14:01:37 UTC 2025","passed","Tue Oct 14 14:01:37 UTC 2025","","the file watcher reports that its watching the config file","",""
"","4","Renderer with props 2","Renderer component","Tue Oct 14 14:01:43 UTC 2025","passed","Tue Oct 14 14:01:43 UTC 2025","","","",""
"","2","should contain the expected identifiers","allowedIdentifiers","Tue Oct 14 14:01:34 UTC 2025","passed","Tue Oct 14 14:01:34 UTC 2025","","","",""
"","2","should generate Cloudinary URL for external HTTP image","cloudinaryImageService","Tue Oct 14 14:01:03 UTC 2025","passed","Tue Oct 14 14:01:03 UTC 2025","","successful image generation","",""
"","2","breakSecurePassword throws on legacy generation","Password Utils","Tue Oct 14 14:01:26 UTC 2025","passed","Tue Oct 14 14:01:26 UTC 2025","","","",""
"","53","should register a component from a basic Astro file","ComponentRegistry","Tue Oct 14 14:00:57 UTC 2025","passed","Tue Oct 14 14:00:57 UTC 2025","","registerComponentFromFile","",""
"","44","returns error if no frontmatter","PropsParser","Tue Oct 14 14:01:21 UTC 2025","passed","Tue Oct 14 14:01:21 UTC 2025","","extractPropsFromAstroFile","",""
"","2","should reject invalid status values","WordPress API Schema","Tue Oct 14 14:00:59 UTC 2025","passed","Tue Oct 14 14:00:59 UTC 2025","","StatusSchema","",""
"","3","getUserData returns logged in session for valid token","User Module","Tue Oct 14 14:01:03 UTC 2025","passed","Tue Oct 14 14:01:03 UTC 2025","","","",""
"","1","should throw error when file does not exist","readJson","Tue Oct 14 14:01:25 UTC 2025","passed","Tue Oct 14 14:01:25 UTC 2025","","","",""
"","0","handles multiple entities","decodeHTML (edge cases)","Tue Oct 14 14:01:22 UTC 2025","passed","Tue Oct 14 14:01:22 UTC 2025","","","",""
"","1","should fail if demoMode is a string","developerConfigSchema","Tue Oct 14 14:01:38 UTC 2025","passed","Tue Oct 14 14:01:38 UTC 2025","","","",""
"","0","decodes base64url strings with URL-safe replacements","base64UrlDecode","Tue Oct 14 14:01:17 UTC 2025","passed","Tue Oct 14 14:01:17 UTC 2025","","","",""
"","0","parses valid array of strings","SDKCore_Parsers","Tue Oct 14 14:01:16 UTC 2025","passed","Tue Oct 14 14:01:16 UTC 2025","","parseIdStringArray","",""
"","1","logs message at specified logLevel when verbose is undefined","integrationLogger","Tue Oct 14 14:01:01 UTC 2025","passed","Tue Oct 14 14:01:01 UTC 2025","","","",""
"","0","remapFilterSitemap returns empty if no matching package","getBlogRoute","Tue Oct 14 14:01:23 UTC 2025","passed","Tue Oct 14 14:01:23 UTC 2025","","","",""
"","30","decrypt throws on too-short data","Encryption Module","Tue Oct 14 14:01:28 UTC 2025","passed","Tue Oct 14 14:01:28 UTC 2025","","","",""
"","3","Renderer with undefined defaultContent","MDX Renderer component","Tue Oct 14 14:01:11 UTC 2025","passed","Tue Oct 14 14:01:11 UTC 2025","","","",""
"","0","returns false if pathname does not match includePaths","Middleware Utils","Tue Oct 14 14:01:18 UTC 2025","passed","Tue Oct 14 14:01:18 UTC 2025","","handlerFilter","",""
"","201","HTTPClient provides a retrying HttpClient instance","Effect Utilities","Tue Oct 14 14:01:39 UTC 2025","passed","Tue Oct 14 14:01:39 UTC 2025","","","",""
"","15","should apply logger and log span to Effect","runtimeLogger","Tue Oct 14 14:01:19 UTC 2025","passed","Tue Oct 14 14:01:19 UTC 2025","","","",""
"","4","makeSessionId returns a valid hex string for a token","Session Utils","Tue Oct 14 14:01:35 UTC 2025","passed","Tue Oct 14 14:01:35 UTC 2025","","","",""
"","0","throws if CMS_ENCRYPTION_KEY does not decode to 16 bytes","Config Helper","Tue Oct 14 14:01:04 UTC 2025","passed","Tue Oct 14 14:01:04 UTC 2025","","makePasswordModConfig","",""
"","0","throws SyntaxError for malformed JSON","Utils","Tue Oct 14 14:01:16 UTC 2025","passed","Tue Oct 14 14:01:16 UTC 2025","","parse","",""
"","14","should bundle a simple JavaScript config file","Config Loader Utils","Tue Oct 14 14:01:01 UTC 2025","passed","Tue Oct 14 14:01:01 UTC 2025","","bundleConfigFile","",""
"","1","plugin creation with custom options","StudioCMS MarkDoc Plugin","Tue Oct 14 14:01:06 UTC 2025","passed","Tue Oct 14 14:01:06 UTC 2025","","","",""
"","0","returns defaultValue if paths is empty array","Middleware Utils","Tue Oct 14 14:01:17 UTC 2025","passed","Tue Oct 14 14:01:17 UTC 2025","","matchFilterCheck","",""
"","1","should allow undefined (optional schema)","dashboardConfigSchema","Tue Oct 14 14:01:31 UTC 2025","passed","Tue Oct 14 14:01:31 UTC 2025","","","",""
"","0","should have studiocms:astro:config hook","studiocmsHTML","Tue Oct 14 14:01:07 UTC 2025","passed","Tue Oct 14 14:01:07 UTC 2025","","plugin hooks","",""
"","5","should transform HTML with basic component swapping","transformHTML","Tue Oct 14 14:01:06 UTC 2025","passed","Tue Oct 14 14:01:06 UTC 2025","","","",""
"","1","should work with no input","DrizzleDBClientService","Tue Oct 14 14:01:15 UTC 2025","passed","Tue Oct 14 14:01:15 UTC 2025","","makeQuery","",""
"","0","handles large content payloads","WYSIWYG Store Route","Tue Oct 14 14:01:00 UTC 2025","passed","Tue Oct 14 14:01:00 UTC 2025","","","",""
"","2","should create a plugin with custom options","studiocmsHTML","Tue Oct 14 14:01:07 UTC 2025","passed","Tue Oct 14 14:01:07 UTC 2025","","plugin creation","",""
"","0","should validate settings page schema","SettingsPageSchema","Tue Oct 14 14:01:06 UTC 2025","passed","Tue Oct 14 14:01:06 UTC 2025","","","",""
"","1","should throw error for missing variables in strict mode","TemplateEngine","Tue Oct 14 14:01:18 UTC 2025","passed","Tue Oct 14 14:01:18 UTC 2025","","Strict mode","",""
"","4","preserves required star in select label","updateSelectElmLabel","Tue Oct 14 14:01:48 UTC 2025","passed","Tue Oct 14 14:01:48 UTC 2025","","","",""
"","16","should report missing required props","ComponentRegistry","Tue Oct 14 14:00:57 UTC 2025","passed","Tue Oct 14 14:00:57 UTC 2025","","validateProps","",""
"","2","renders content with special characters","WYSIWYG Render Component","Tue Oct 14 14:01:31 UTC 2025","passed","Tue Oct 14 14:01:31 UTC 2025","","","",""
"","1","should configure Auth0 OAuth provider in studiocms config hook","@studiocms/auth0","Tue Oct 14 14:01:07 UTC 2025","passed","Tue Oct 14 14:01:07 UTC 2025","","hooks","",""
"","0","should allow updating htmlConfig","shared module","Tue Oct 14 14:01:18 UTC 2025","passed","Tue Oct 14 14:01:18 UTC 2025","","shared object","",""
"","0","removes studiocms_ prefix","safeString","Tue Oct 14 14:01:41 UTC 2025","passed","Tue Oct 14 14:01:41 UTC 2025","","","",""
"","47","should create layer with makeLayer","WordPress API Configs","Tue Oct 14 14:00:58 UTC 2025","passed","Tue Oct 14 14:00:58 UTC 2025","","StringConfig","",""
"","0","should handle promise that resolves to undefined","tryCatch","Tue Oct 14 14:01:01 UTC 2025","passed","Tue Oct 14 14:01:01 UTC 2025","","edge cases","",""
"","0","throws error for invalid allowElements type","WYSIWYG Types and Schema","Tue Oct 14 14:01:07 UTC 2025","passed","Tue Oct 14 14:01:07 UTC 2025","","WYSIWYGSchema","",""
"","1","should log error messages","S48Logger","Tue Oct 14 14:01:19 UTC 2025","passed","Tue Oct 14 14:01:19 UTC 2025","","","",""
"","1","should call studiocms:config:setup hook with setRendering","studiocmsMDX","Tue Oct 14 14:00:57 UTC 2025","passed","Tue Oct 14 14:00:57 UTC 2025","","plugin hooks","",""
"","3","should return empty arrays when input is empty","buildDataObject","Tue Oct 14 14:01:17 UTC 2025","passed","Tue Oct 14 14:01:17 UTC 2025","","","",""
"","4","Renderer throws with no props","Renderer component","Tue Oct 14 14:01:42 UTC 2025","passed","Tue Oct 14 14:01:42 UTC 2025","","","",""
"","0","should add items to last7DaysData if isInLast7Days is true","buildDataObject","Tue Oct 14 14:01:17 UTC 2025","passed","Tue Oct 14 14:01:17 UTC 2025","","","",""
"","0","should use the same globalThis key as the symbol","shared module","Tue Oct 14 14:01:18 UTC 2025","passed","Tue Oct 14 14:01:18 UTC 2025","","globalThis integration","",""
"","0","handles empty string and empty array for includePaths and excludePaths","Middleware Utils","Tue Oct 14 14:01:18 UTC 2025","passed","Tue Oct 14 14:01:18 UTC 2025","","handlerFilter","",""
"","0","decodes mapped C1 control code points","decode-codepoint","Tue Oct 14 14:01:32 UTC 2025","passed","Tue Oct 14 14:01:32 UTC 2025","","decodeCodePoint","",""
"","0","should have no required dependencies","@studiocms/auth0","Tue Oct 14 14:01:07 UTC 2025","passed","Tue Oct 14 14:01:07 UTC 2025","","plugin structure","",""
"","3","help command: should show help when no command is provided","buildkit CLI","Tue Oct 14 14:01:19 UTC 2025","passed","Tue Oct 14 14:01:19 UTC 2025","","","",""
"","1","should export the same function as named export","studiocmsMDX","Tue Oct 14 14:00:57 UTC 2025","passed","Tue Oct 14 14:00:57 UTC 2025","","default export","",""
"","1","does not throw for valid sitemap url","validateUrl","Tue Oct 14 14:01:03 UTC 2025","passed","Tue Oct 14 14:01:03 UTC 2025","","","",""
"","0","should return tabs for tab-indented line","String Utilities","Tue Oct 14 14:01:01 UTC 2025","passed","Tue Oct 14 14:01:01 UTC 2025","","getIndent","",""
"","7","render component","Components Container tests","Tue Oct 14 14:01:12 UTC 2025","passed","Tue Oct 14 14:01:12 UTC 2025","SSRUser component","Shared components","",""
"","0","returns key as string if missing in all languages","i18n/server","Tue Oct 14 14:01:24 UTC 2025","passed","Tue Oct 14 14:01:24 UTC 2025","","useTranslations","",""
"","0","should format debug prefix in blue","getEventPrefix","Tue Oct 14 14:01:19 UTC 2025","passed","Tue Oct 14 14:01:19 UTC 2025","","","",""
"","0","should create layer with makeLayer","WordPress API Configs","Tue Oct 14 14:00:58 UTC 2025","passed","Tue Oct 14 14:00:58 UTC 2025","","ImportEndpointConfig","",""
"","1","should parse a valid metric summary row","MetricSummaryRowSchema","Tue Oct 14 14:01:21 UTC 2025","passed","Tue Oct 14 14:01:21 UTC 2025","","","",""
"","1","should handle empty options gracefully","studiocmsMDX","Tue Oct 14 14:00:57 UTC 2025","passed","Tue Oct 14 14:00:57 UTC 2025","","plugin creation","",""
"","7","should log info messages","S48Logger","Tue Oct 14 14:01:19 UTC 2025","passed","Tue Oct 14 14:01:19 UTC 2025","","","",""
"","0","renders undefined children","MarkDocReactRenderer","Tue Oct 14 14:01:26 UTC 2025","passed","Tue Oct 14 14:01:26 UTC 2025","","","",""
"","4","should throw on invalid rating","WebVitalsRatingSchema","Tue Oct 14 14:01:21 UTC 2025","passed","Tue Oct 14 14:01:21 UTC 2025","","","",""
"","1","should handle unknown properties gracefully","studiocmsHTML","Tue Oct 14 14:01:07 UTC 2025","passed","Tue Oct 14 14:01:07 UTC 2025","","plugin creation","",""
"","1","handles OPTIONS requests","WYSIWYG Store Route","Tue Oct 14 14:01:00 UTC 2025","passed","Tue Oct 14 14:01:00 UTC 2025","","","",""
"","0","sorts descending when desc is true","sortByDate","Tue Oct 14 14:01:34 UTC 2025","passed","Tue Oct 14 14:01:34 UTC 2025","","","",""
"","1","should reject invalid type for wpImporter","schema","Tue Oct 14 14:01:17 UTC 2025","passed","Tue Oct 14 14:01:17 UTC 2025","","AppsConfigSchema","",""
"","0","should return null if param does not exist","getUrlParam","Tue Oct 14 14:01:29 UTC 2025","passed","Tue Oct 14 14:01:29 UTC 2025","","","",""
"","0","should return false for a future date in all checks","checkDate","Tue Oct 14 14:01:32 UTC 2025","passed","Tue Oct 14 14:01:32 UTC 2025","","","",""
"","5","parseAPIContextFormDataToObject: should fail if FormData parsing fails","API Context Utils","Tue Oct 14 14:01:13 UTC 2025","passed","Tue Oct 14 14:01:13 UTC 2025","","","",""
"","0","ambientScripts imports all modules","VirtualModuleBuilder","Tue Oct 14 14:01:21 UTC 2025","passed","Tue Oct 14 14:01:21 UTC 2025","","","",""
"","7","encrypt and decrypt Uint8Array roundtrip","Encryption Module","Tue Oct 14 14:01:28 UTC 2025","passed","Tue Oct 14 14:01:28 UTC 2025","","","",""
"","0","should add leading slash if missing","pathGenerator utilities","Tue Oct 14 14:01:21 UTC 2025","passed","Tue Oct 14 14:01:21 UTC 2025","","ensureLeadingSlash","",""
"","0","generates correct fetch URL for mobile","webVitalsUtils","Tue Oct 14 14:01:00 UTC 2025","passed","Tue Oct 14 14:01:00 UTC 2025","","generateLighthouseFetchUrl","",""
"","0","parses primitive values","Utils","Tue Oct 14 14:01:16 UTC 2025","passed","Tue Oct 14 14:01:16 UTC 2025","","parse","",""
"","0","defaults enabled to true and lifetime to defaultCacheLifeTime","ProcessedCacheConfigSchema","Tue Oct 14 14:01:16 UTC 2025","passed","Tue Oct 14 14:01:16 UTC 2025","","","",""
"","29","makeSessionId throws SessionError if input is not a string","Session Utils","Tue Oct 14 14:01:35 UTC 2025","passed","Tue Oct 14 14:01:35 UTC 2025","","","",""
"","4","should resolve with the result of the function","DrizzleDBClientService","Tue Oct 14 14:01:15 UTC 2025","passed","Tue Oct 14 14:01:15 UTC 2025","","execute","",""
"","0","should use default value for missing variables","TemplateEngine","Tue Oct 14 14:01:18 UTC 2025","passed","Tue Oct 14 14:01:18 UTC 2025","","Default values","",""
"","23","getAvatarUrl returns a valid URL for openid","Libravatar Utils","Tue Oct 14 14:01:18 UTC 2025","passed","Tue Oct 14 14:01:18 UTC 2025","","","",""
"","3","Renderer handles very long content","MDX Renderer component","Tue Oct 14 14:01:11 UTC 2025","passed","Tue Oct 14 14:01:11 UTC 2025","","Edge cases","",""
"","1","should log debug messages","S48Logger","Tue Oct 14 14:01:19 UTC 2025","passed","Tue Oct 14 14:01:19 UTC 2025","","","",""
"","1","should parse nested variables","TemplateParser","Tue Oct 14 14:01:31 UTC 2025","passed","Tue Oct 14 14:01:31 UTC 2025","","parse","",""
"","0","encodes a string to base64url format","base64UrlEncode","Tue Oct 14 14:01:17 UTC 2025","passed","Tue Oct 14 14:01:17 UTC 2025","","","",""
"","3","GET returns correct XML response with dynamic URLs","GET","Tue Oct 14 14:01:25 UTC 2025","passed","Tue Oct 14 14:01:25 UTC 2025","","","",""
"","18","shows toast and returns if passwords do not match on register","formListener","Tue Oct 14 14:01:48 UTC 2025","passed","Tue Oct 14 14:01:48 UTC 2025","","","",""
"","19","renderMarkDoc with HTML renderer","MarkDoc Render Library","Tue Oct 14 14:00:58 UTC 2025","passed","Tue Oct 14 14:00:58 UTC 2025","","","",""
"","82","verifyPasswordStrength returns error string for short password","Password Module","Tue Oct 14 14:01:31 UTC 2025","passed","Tue Oct 14 14:01:31 UTC 2025","","","",""
"","3","logs message at specified logLevel when verbose is true","integrationLogger","Tue Oct 14 14:01:01 UTC 2025","passed","Tue Oct 14 14:01:01 UTC 2025","","","",""
"","0","should have correct plugin name","studiocmsMDX","Tue Oct 14 14:00:57 UTC 2025","passed","Tue Oct 14 14:00:57 UTC 2025","","plugin configuration","",""
"","1","should apply success middleware if provided","Api-Route Tests","Tue Oct 14 14:01:00 UTC 2025","passed","Tue Oct 14 14:01:00 UTC 2025","","withEffectAPI tests","",""
"","1","returns a valid fallback site config object","makeFallbackSiteConfig","Tue Oct 14 14:01:14 UTC 2025","passed","Tue Oct 14 14:01:14 UTC 2025","","","",""
"","0","should not have astro config hook","@studiocms/discord","Tue Oct 14 14:01:08 UTC 2025","passed","Tue Oct 14 14:01:08 UTC 2025","","hooks","",""
"","0","should validate complete tag data","WordPress API Schema","Tue Oct 14 14:00:59 UTC 2025","passed","Tue Oct 14 14:00:59 UTC 2025","","Tag","",""
"","0","should handle HTML with no components to swap","transformHTML","Tue Oct 14 14:01:06 UTC 2025","passed","Tue Oct 14 14:01:06 UTC 2025","","","",""
"","1","validates complex sanitize options","WYSIWYG Types and Schema","Tue Oct 14 14:01:07 UTC 2025","passed","Tue Oct 14 14:01:07 UTC 2025","","WYSIWYGSchema","",""
"","84","should fail verification with invalid configuration","SMTP Service","Tue Oct 14 14:00:59 UTC 2025","passed","Tue Oct 14 14:00:59 UTC 2025","","Transport verification","",""
"","0","logs warn/error when verbose is false","integrationLogger","Tue Oct 14 14:01:01 UTC 2025","passed","Tue Oct 14 14:01:01 UTC 2025","","","",""
"","0","should handle empty string","String Utilities","Tue Oct 14 14:01:01 UTC 2025","passed","Tue Oct 14 14:01:01 UTC 2025","","dedent","",""
"","5","should load and bundle a config file","Config Loader Utils","Tue Oct 14 14:01:01 UTC 2025","passed","Tue Oct 14 14:01:01 UTC 2025","","loadAndBundleConfigFile","",""
"","23","Editor with props","Editor component","Tue Oct 14 14:01:46 UTC 2025","passed","Tue Oct 14 14:01:46 UTC 2025","","","",""
"","1","should define required environment variables","@studiocms/discord","Tue Oct 14 14:01:08 UTC 2025","passed","Tue Oct 14 14:01:08 UTC 2025","","hooks","",""
"","1","generates a token with noExpire=true (30 years)","generateJwt & verifyJwt","Tue Oct 14 14:01:17 UTC 2025","passed","Tue Oct 14 14:01:17 UTC 2025","","","",""
"","0","ensureLeadingAndTrailingSlashes adds both slashes","pathGenerators","Tue Oct 14 14:01:23 UTC 2025","passed","Tue Oct 14 14:01:23 UTC 2025","","","",""
"","2","should handle minimal configuration","SMTP Service","Tue Oct 14 14:01:03 UTC 2025","passed","Tue Oct 14 14:01:03 UTC 2025","","Configuration conversion","",""
"","4","should reject invalid status values","WordPress API Schema","Tue Oct 14 14:00:59 UTC 2025","passed","Tue Oct 14 14:00:59 UTC 2025","","OpenClosedSchema","",""
"","2","registers the custom element","UserQuickTools custom element","Tue Oct 14 14:01:48 UTC 2025","passed","Tue Oct 14 14:01:48 UTC 2025","","","",""
"","4","should check if transport is idle","SMTP Service","Tue Oct 14 14:01:03 UTC 2025","passed","Tue Oct 14 14:01:03 UTC 2025","","Transport status methods","",""
"","1","should create AstroAPIContextProvider with context","WordPress API Configs","Tue Oct 14 14:00:58 UTC 2025","passed","Tue Oct 14 14:00:58 UTC 2025","","AstroAPIContextProvider","",""
"","1","throws if statSync fails","getFileSizeInKilobytes","Tue Oct 14 14:01:33 UTC 2025","passed","Tue Oct 14 14:01:33 UTC 2025","","","",""
"","2","constantTimeEqual returns true for equal strings","Password Utils","Tue Oct 14 14:01:26 UTC 2025","passed","Tue Oct 14 14:01:26 UTC 2025","","","",""
"","1","verifyPasswordLength returns error for long password","Password Utils","Tue Oct 14 14:01:26 UTC 2025","passed","Tue Oct 14 14:01:26 UTC 2025","","","",""
"","0","should handle deep nesting","TemplateEngine","Tue Oct 14 14:01:18 UTC 2025","passed","Tue Oct 14 14:01:18 UTC 2025","","Basic functionality","",""
"","0","should handle nested property access","TemplateEngine","Tue Oct 14 14:01:18 UTC 2025","passed","Tue Oct 14 14:01:18 UTC 2025","","Basic functionality","",""
"","1","should handle custom sanitization options","transformHTML","Tue Oct 14 14:01:06 UTC 2025","passed","Tue Oct 14 14:01:06 UTC 2025","","","",""
"","0","should build an API route with the provided handler","Api-Route Tests","Tue Oct 14 14:01:00 UTC 2025","passed","Tue Oct 14 14:01:00 UTC 2025","","EffectAPIRouteBuilder tests","",""
"","8","returns Effect that fails with ClackError if promise rejects","clack","Tue Oct 14 14:01:37 UTC 2025","passed","Tue Oct 14 14:01:37 UTC 2025","","useClackErrorPromise","",""
"","1","returns null and warns if fetch response is not ok","getLatestVersion","Tue Oct 14 14:01:13 UTC 2025","passed","Tue Oct 14 14:01:13 UTC 2025","","","",""
"","0","toString should include the cause message","SDKCoreError","Tue Oct 14 14:01:40 UTC 2025","passed","Tue Oct 14 14:01:40 UTC 2025","","","",""
"","5","renders GFM task lists","parseMarkdown","Tue Oct 14 14:01:41 UTC 2025","passed","Tue Oct 14 14:01:41 UTC 2025","","","",""
"","3","Editor with undefined content","MDX Editor component","Tue Oct 14 14:01:16 UTC 2025","passed","Tue Oct 14 14:01:16 UTC 2025","","","",""
"","0","convertToSafeString lowercases the result","utils/safeString","Tue Oct 14 14:01:40 UTC 2025","passed","Tue Oct 14 14:01:40 UTC 2025","","","",""
"","2","should handle malformed MDX content","renderMDX","Tue Oct 14 14:00:55 UTC 2025","passed","Tue Oct 14 14:00:55 UTC 2025","","Edge cases","",""
"","9","renders markdown using Astro processor when flavor is astro","preRender","Tue Oct 14 14:01:24 UTC 2025","passed","Tue Oct 14 14:01:24 UTC 2025","","","",""
"","0","should accept Buffer as encryptionKey","Scrypt Module","Tue Oct 14 14:01:00 UTC 2025","passed","Tue Oct 14 14:01:00 UTC 2025","","ScryptConfigOptions","",""
"","0","calculates average and rounds to two decimals","webVitalsUtils","Tue Oct 14 14:01:00 UTC 2025","passed","Tue Oct 14 14:01:00 UTC 2025","","calculateInpAverage","",""
"","0","should remove common indentation from multi-line string","String Utilities","Tue Oct 14 14:01:01 UTC 2025","passed","Tue Oct 14 14:01:01 UTC 2025","","dedent","",""
"","0","should aggregate page views for last7DaysData","buildPageRouteDataObject","Tue Oct 14 14:01:24 UTC 2025","passed","Tue Oct 14 14:01:24 UTC 2025","","","",""
"","0","should create APIEndpointConfig with valid type","WordPress API Configs","Tue Oct 14 14:00:58 UTC 2025","passed","Tue Oct 14 14:00:58 UTC 2025","","APIEndpointConfig","",""
"","0","should return the passwordReset template","getTemplate","Tue Oct 14 14:01:46 UTC 2025","passed","Tue Oct 14 14:01:46 UTC 2025","","","",""
"","1","parses pageMetaData for single diffItem","SDKCore_Parsers","Tue Oct 14 14:01:16 UTC 2025","passed","Tue Oct 14 14:01:16 UTC 2025","","fixDiff","",""
"","1","extracts Props interface from Astro frontmatter","PropsParser","Tue Oct 14 14:01:21 UTC 2025","passed","Tue Oct 14 14:01:21 UTC 2025","","extractPropsFromAstroFile","",""
"","2","throws on invalid format","TimeStringSchema","Tue Oct 14 14:01:16 UTC 2025","passed","Tue Oct 14 14:01:16 UTC 2025","","","",""
"","1","handles empty props gracefully","ReactWrapper.astro","Tue Oct 14 14:01:03 UTC 2025","passed","Tue Oct 14 14:01:03 UTC 2025","","","",""
"","1","should reject field with missing required properties","FieldSchema","Tue Oct 14 14:01:06 UTC 2025","passed","Tue Oct 14 14:01:06 UTC 2025","","","",""
"","0","returns replacement character for invalid code points","decode-codepoint","Tue Oct 14 14:01:32 UTC 2025","passed","Tue Oct 14 14:01:32 UTC 2025","","decodeCodePoint","",""
"","0","should validate complete category data","WordPress API Schema","Tue Oct 14 14:00:59 UTC 2025","passed","Tue Oct 14 14:00:59 UTC 2025","","Category","",""
"","2","should get version string","SMTP Service","Tue Oct 14 14:01:03 UTC 2025","passed","Tue Oct 14 14:01:03 UTC 2025","","Transport status methods","",""
"","0","should handle mixed indentation levels","String Utilities","Tue Oct 14 14:01:01 UTC 2025","passed","Tue Oct 14 14:01:01 UTC 2025","","dedent","",""
"","0","returns correct score text","webVitalsUtils","Tue Oct 14 14:01:00 UTC 2025","passed","Tue Oct 14 14:01:00 UTC 2025","","calculateLcpScoreText","",""
"","15","getAvatarUrl returns a valid URL for email","Libravatar Utils","Tue Oct 14 14:01:18 UTC 2025","passed","Tue Oct 14 14:01:18 UTC 2025","","","",""
"","0","should return null if cookie does not exist","getCookie","Tue Oct 14 14:01:29 UTC 2025","passed","Tue Oct 14 14:01:29 UTC 2025","","","",""
"","0","should configure Auth0 as OAuth provider","@studiocms/auth0","Tue Oct 14 14:01:07 UTC 2025","passed","Tue Oct 14 14:01:07 UTC 2025","","OAuth provider configuration","",""
"","0","should have correct minimum version requirement","@studiocms/discord","Tue Oct 14 14:01:08 UTC 2025","passed","Tue Oct 14 14:01:08 UTC 2025","","plugin structure","",""
"","2","should bundle a TypeScript config file","Config Loader Utils","Tue Oct 14 14:01:01 UTC 2025","passed","Tue Oct 14 14:01:01 UTC 2025","","bundleConfigFile","",""
"","0","returns correct percent for ranges","webVitalsUtils","Tue Oct 14 14:01:00 UTC 2025","passed","Tue Oct 14 14:01:00 UTC 2025","","calculateInpScorePercent","",""
"","0","excludes no paths if excludePaths is undefined","Middleware Utils","Tue Oct 14 14:01:18 UTC 2025","passed","Tue Oct 14 14:01:18 UTC 2025","","handlerFilter","",""
"","0","should allow valid GridItem","GridItem","Tue Oct 14 14:01:06 UTC 2025","passed","Tue Oct 14 14:01:06 UTC 2025","","","",""
"","3","handles empty content","WYSIWYG Render Component","Tue Oct 14 14:01:31 UTC 2025","passed","Tue Oct 14 14:01:31 UTC 2025","","","",""
"","21","Editor with props","Editor component","Tue Oct 14 14:01:06 UTC 2025","passed","Tue Oct 14 14:01:06 UTC 2025","","","",""
"","1","should handle StudioCMS flavor with callouts disabled in virtual imports","studiocmsMD","Tue Oct 14 14:00:55 UTC 2025","passed","Tue Oct 14 14:00:55 UTC 2025","","plugin hooks","",""
"","0","returns red for >4s","webVitalsUtils","Tue Oct 14 14:01:00 UTC 2025","passed","Tue Oct 14 14:01:00 UTC 2025","","progressBarLcpColor","",""
"","0","should return empty string for empty string","String Utilities","Tue Oct 14 14:01:01 UTC 2025","passed","Tue Oct 14 14:01:01 UTC 2025","","getIndent","",""
"","1","should return undefined for relative paths","nodeNamespaceBuiltinsAstro","Tue Oct 14 14:01:31 UTC 2025","passed","Tue Oct 14 14:01:31 UTC 2025","","resolveBuiltIns","",""
"","29","Editor with props","Editor component","Tue Oct 14 14:01:46 UTC 2025","passed","Tue Oct 14 14:01:46 UTC 2025","","","",""
"","4","Renderer with empty content","MarkDoc Renderer component","Tue Oct 14 14:01:03 UTC 2025","passed","Tue Oct 14 14:01:03 UTC 2025","","","",""
"","0","returns red for >2.5s","webVitalsUtils","Tue Oct 14 14:01:00 UTC 2025","passed","Tue Oct 14 14:01:00 UTC 2025","","progressBarLcpTrackColor","",""
"","6","should handle config file with complex exports","Config Loader Utils","Tue Oct 14 14:01:01 UTC 2025","passed","Tue Oct 14 14:01:01 UTC 2025","","loadConfigFile","",""
"","2","should return the config object unchanged","defineStudioCMSConfig","Tue Oct 14 14:01:42 UTC 2025","passed","Tue Oct 14 14:01:42 UTC 2025","","","",""
"","2","should export the object as default","buildDefaultOnlyVirtual","Tue Oct 14 14:01:21 UTC 2025","passed","Tue Oct 14 14:01:21 UTC 2025","","","",""
"","1","logs message at specified logLevel when verbose is undefined","integrationLogger","Tue Oct 14 14:01:14 UTC 2025","passed","Tue Oct 14 14:01:14 UTC 2025","","","",""
"","3","should use resolved paths in plugin configuration","Cloudinary Image Service Plugin","Tue Oct 14 14:00:56 UTC 2025","passed","Tue Oct 14 14:00:56 UTC 2025","","cloudinaryImageService","",""
"","1","should validate post format values","WordPress API Schema","Tue Oct 14 14:00:59 UTC 2025","passed","Tue Oct 14 14:00:59 UTC 2025","","PostFormatSchema","",""
"","0","should handle line with leading and trailing whitespace","String Utilities","Tue Oct 14 14:01:01 UTC 2025","passed","Tue Oct 14 14:01:01 UTC 2025","","getIndent","",""
"","0","should return path unchanged if no leading slash","pathGenerator utilities","Tue Oct 14 14:01:21 UTC 2025","passed","Tue Oct 14 14:01:21 UTC 2025","","stripLeadingSlash","",""
"","0","should work with different virtualIds","buildAliasExports","Tue Oct 14 14:01:25 UTC 2025","passed","Tue Oct 14 14:01:25 UTC 2025","","","",""
"","1","should have correct plugin identifier","@studiocms/auth0","Tue Oct 14 14:01:07 UTC 2025","passed","Tue Oct 14 14:01:07 UTC 2025","","plugin structure","",""
"","1","createRenderer handles null content","WYSIWYG Partial Route","Tue Oct 14 14:01:30 UTC 2025","passed","Tue Oct 14 14:01:30 UTC 2025","","","",""
"","6","preserves required star in label","updateElmLabel","Tue Oct 14 14:01:48 UTC 2025","passed","Tue Oct 14 14:01:48 UTC 2025","","","",""
"","1","clamps SCRYPT_N to nearest lower power of two","Config Helper","Tue Oct 14 14:01:04 UTC 2025","passed","Tue Oct 14 14:01:04 UTC 2025","","makePasswordModConfig","",""
"","1","should inject options into config stub","buildVirtualConfig","Tue Oct 14 14:01:21 UTC 2025","passed","Tue Oct 14 14:01:21 UTC 2025","","","",""
"","0","should handle empty string","pathGenerator utilities","Tue Oct 14 14:01:21 UTC 2025","passed","Tue Oct 14 14:01:21 UTC 2025","","ensureLeadingSlash","",""
"","0","respects SCRYPT_N, SCRYPT_R, SCRYPT_P env vars and clamps them","Config Helper","Tue Oct 14 14:01:04 UTC 2025","passed","Tue Oct 14 14:01:04 UTC 2025","","makePasswordModConfig","",""
"","30","returns an error if _Scrypt.makeLive throws","makeScrypt","Tue Oct 14 14:01:38 UTC 2025","passed","Tue Oct 14 14:01:38 UTC 2025","","","",""
"","22","returns Effect that fails with ClackError if error is thrown","clack","Tue Oct 14 14:01:37 UTC 2025","passed","Tue Oct 14 14:01:37 UTC 2025","","useClackError","",""
"","0","returns undefined if none of the config files exist","Watcher Utils","Tue Oct 14 14:01:31 UTC 2025","passed","Tue Oct 14 14:01:31 UTC 2025","","findConfig","",""
"","0","handles boolean false","SDKCacheSchema","Tue Oct 14 14:01:16 UTC 2025","passed","Tue Oct 14 14:01:16 UTC 2025","","","",""
"","2","should handle invalid options gracefully","StudioCMS DevApps Integration","Tue Oct 14 14:01:39 UTC 2025","passed","Tue Oct 14 14:01:39 UTC 2025","","studioCMSDevApps","",""
"","0","should handle undefined values","TemplateRenderer","Tue Oct 14 14:01:21 UTC 2025","passed","Tue Oct 14 14:01:21 UTC 2025","","Data types","",""
"","0","should ignore unknown keys in FormData","getEnabledNotificationCheckboxes","Tue Oct 14 14:01:32 UTC 2025","passed","Tue Oct 14 14:01:32 UTC 2025","","","",""
"","1","should dedent indented HTML before processing","transformHTML","Tue Oct 14 14:01:06 UTC 2025","passed","Tue Oct 14 14:01:06 UTC 2025","","","",""
"","2","prevents default event behavior","formListener","Tue Oct 14 14:01:48 UTC 2025","passed","Tue Oct 14 14:01:48 UTC 2025","","","",""
"","0","returns fallback if both hero and site defaultOgImage are undefined","heroHelper tests","Tue Oct 14 14:01:20 UTC 2025","passed","Tue Oct 14 14:01:20 UTC 2025","getHeroImage","trimInput","",""
"","0","should allow clearing htmlConfig","shared module","Tue Oct 14 14:01:18 UTC 2025","passed","Tue Oct 14 14:01:18 UTC 2025","","shared object","",""
"","0","should handle empty route string","makePublicRoute","Tue Oct 14 14:01:41 UTC 2025","passed","Tue Oct 14 14:01:41 UTC 2025","","","",""
"","11","should work with different key lengths","Scrypt Module","Tue Oct 14 14:01:01 UTC 2025","passed","Tue Oct 14 14:01:01 UTC 2025","","Scrypt Service","",""
"","0","should include Google SVG logo","@studiocms/google","Tue Oct 14 14:01:08 UTC 2025","passed","Tue Oct 14 14:01:08 UTC 2025","","hooks","",""
"","1","should have correct identifier and service path","Cloudinary Image Service Plugin","Tue Oct 14 14:00:56 UTC 2025","passed","Tue Oct 14 14:00:56 UTC 2025","","cloudinaryImageService","",""
"","3","calls fetch with correct arguments and shows success toast on login","formListener","Tue Oct 14 14:01:48 UTC 2025","passed","Tue Oct 14 14:01:48 UTC 2025","","","",""
"","1","reads and parses JSON file content","readJson","Tue Oct 14 14:01:40 UTC 2025","passed","Tue Oct 14 14:01:40 UTC 2025","","","",""
"","2","getAvatarUrl throws if no email or openid","Libravatar Utils","Tue Oct 14 14:01:18 UTC 2025","passed","Tue Oct 14 14:01:18 UTC 2025","","","",""
"","2","should contain all expected notification types","notificationOptions","Tue Oct 14 14:01:32 UTC 2025","passed","Tue Oct 14 14:01:32 UTC 2025","","","",""
"","1","should return undefined when no config files exist","Config Loader Utils","Tue Oct 14 14:01:01 UTC 2025","passed","Tue Oct 14 14:01:01 UTC 2025","","loadConfigFile","",""
"","40","should handle Buffer input","Scrypt Module","Tue Oct 14 14:01:00 UTC 2025","passed","Tue Oct 14 14:01:01 UTC 2025","","Scrypt Service","",""
"","3","render component","Components Container tests","Tue Oct 14 14:01:12 UTC 2025","passed","Tue Oct 14 14:01:12 UTC 2025","Global component","Shared components","",""
"","0","should handle undefined components array gracefully","buildVirtualImport","Tue Oct 14 14:01:25 UTC 2025","passed","Tue Oct 14 14:01:25 UTC 2025","","","",""
"","38","throws an error if the merge function throws","deepmerge test","Tue Oct 14 14:01:23 UTC 2025","passed","Tue Oct 14 14:01:23 UTC 2025","","deepmerge utility","",""
"","0","returns red for >200","webVitalsUtils","Tue Oct 14 14:01:00 UTC 2025","passed","Tue Oct 14 14:01:00 UTC 2025","","inpTextColor","",""
"","0","should return an empty string for an empty array","formatNotificationOptions","Tue Oct 14 14:01:32 UTC 2025","passed","Tue Oct 14 14:01:32 UTC 2025","","","",""
"","0","validates sanitize with allowAttributes only","WYSIWYG Types and Schema","Tue Oct 14 14:01:07 UTC 2025","passed","Tue Oct 14 14:01:07 UTC 2025","","WYSIWYGSchema","",""
"","0","non-dashboard route without path","urlGenFactory","Tue Oct 14 14:01:33 UTC 2025","passed","Tue Oct 14 14:01:33 UTC 2025","","","",""
"","12","render component","Layout Container tests","Tue Oct 14 14:01:44 UTC 2025","passed","Tue Oct 14 14:01:44 UTC 2025","","AuthLayout Container","",""
"","2","handles null content","WYSIWYG Render Component","Tue Oct 14 14:01:31 UTC 2025","passed","Tue Oct 14 14:01:31 UTC 2025","","","",""
"","0","stripTrailingSlash removes trailing slash","pathGenerators","Tue Oct 14 14:01:23 UTC 2025","passed","Tue Oct 14 14:01:23 UTC 2025","","","",""
"","0","should have the expected length","xmlDecodeTree","Tue Oct 14 14:01:44 UTC 2025","passed","Tue Oct 14 14:01:44 UTC 2025","","","",""
"","1","should transform boolean values to object format","schema","Tue Oct 14 14:01:17 UTC 2025","passed","Tue Oct 14 14:01:17 UTC 2025","","AppsConfigSchema","",""
"","2","decodes XML entities by default","decode","Tue Oct 14 14:01:32 UTC 2025","passed","Tue Oct 14 14:01:32 UTC 2025","","","",""
"","3","validates empty object as default","WYSIWYG Types and Schema","Tue Oct 14 14:01:07 UTC 2025","passed","Tue Oct 14 14:01:07 UTC 2025","","WYSIWYGSchema","",""
"","1","always logs warn/error/debug regardless of verbose","logMessages","Tue Oct 14 14:01:14 UTC 2025","passed","Tue Oct 14 14:01:14 UTC 2025","","","",""
"","1","should allow undefined input and default to {}","localUsernameAndPasswordConfig","Tue Oct 14 14:01:24 UTC 2025","passed","Tue Oct 14 14:01:24 UTC 2025","","","",""
"","0","defaults to enabled true and default lifetime","SDKSchema","Tue Oct 14 14:01:16 UTC 2025","passed","Tue Oct 14 14:01:16 UTC 2025","","","",""
"","2","logs all messages with correct log levels and labels","logMessages","Tue Oct 14 14:01:14 UTC 2025","passed","Tue Oct 14 14:01:14 UTC 2025","","","",""
"","0","returns true if file exists","Watcher Utils","Tue Oct 14 14:01:31 UTC 2025","passed","Tue Oct 14 14:01:31 UTC 2025","","exists","",""
"","0","returns false if cache is fresh","isCacheExpired","Tue Oct 14 14:01:05 UTC 2025","passed","Tue Oct 14 14:01:05 UTC 2025","","","",""
"","1","should reject non-object input","HTMLSchema","Tue Oct 14 14:01:27 UTC 2025","passed","Tue Oct 14 14:01:27 UTC 2025","","validation","",""
"","1","parseUserIdentity returns correct hash and domain for openid","Libravatar Utils","Tue Oct 14 14:01:18 UTC 2025","passed","Tue Oct 14 14:01:18 UTC 2025","","","",""
"","1","renderMarkDoc with argParse configuration","MarkDoc Render Library","Tue Oct 14 14:00:58 UTC 2025","passed","Tue Oct 14 14:00:58 UTC 2025","","","",""
"","2","breakSecurePassword parses valid hash","Password Utils","Tue Oct 14 14:01:26 UTC 2025","passed","Tue Oct 14 14:01:26 UTC 2025","","","",""
"","1","getHookResults detects absence of hooks","StudioCMSPluginTester","Tue Oct 14 14:01:18 UTC 2025","passed","Tue Oct 14 14:01:18 UTC 2025","","","",""
"","1","should handle sync function returning different data types","tryCatch","Tue Oct 14 14:01:01 UTC 2025","passed","Tue Oct 14 14:01:01 UTC 2025","","with synchronous functions","",""
"","0","should have hooks object","@studiocms/auth0","Tue Oct 14 14:01:07 UTC 2025","passed","Tue Oct 14 14:01:07 UTC 2025","","plugin structure","",""
"","2","createUserSession creates session and sets cookie","Session Module","Tue Oct 14 14:01:12 UTC 2025","passed","Tue Oct 14 14:01:12 UTC 2025","","","",""
"","1","should allow custom status and headers","response-helpers","Tue Oct 14 14:01:12 UTC 2025","passed","Tue Oct 14 14:01:12 UTC 2025","","createTextResponse","",""
"","2","should return an AstroIntegration object with correct name","nodeNamespaceBuiltinsAstro","Tue Oct 14 14:01:31 UTC 2025","passed","Tue Oct 14 14:01:31 UTC 2025","","","",""
"","0","type inference works correctly","WYSIWYG Types and Schema","Tue Oct 14 14:01:07 UTC 2025","passed","Tue Oct 14 14:01:07 UTC 2025","","WYSIWYGSchemaOptions type","",""
"","2","accepts a valid plugin list item","SafePluginListItemSchema","Tue Oct 14 14:01:22 UTC 2025","passed","Tue Oct 14 14:01:22 UTC 2025","","","",""
"","2","should return an HTML string containing the provided link (string)","passwordReset template","Tue Oct 14 14:01:38 UTC 2025","passed","Tue Oct 14 14:01:38 UTC 2025","","","",""
"","7","should create integration with default options","StudioCMS DevApps Integration","Tue Oct 14 14:01:39 UTC 2025","passed","Tue Oct 14 14:01:39 UTC 2025","","studioCMSDevApps","",""
"","1","handles object with cacheConfig object","SDKSchema","Tue Oct 14 14:01:16 UTC 2025","passed","Tue Oct 14 14:01:16 UTC 2025","","","",""
"","2","removes defaults and makes fields optional","Zod Utils","Tue Oct 14 14:01:19 UTC 2025","passed","Tue Oct 14 14:01:19 UTC 2025","","deepRemoveDefaults","",""
"","2","returns an HTML string","userInvite template","Tue Oct 14 14:01:39 UTC 2025","passed","Tue Oct 14 14:01:39 UTC 2025","","","",""
"","1","should extract variable names from template","TemplateEngine","Tue Oct 14 14:01:18 UTC 2025","passed","Tue Oct 14 14:01:18 UTC 2025","","Variable detection","",""
"","0","returns the first configUrl that exists","Watcher Utils","Tue Oct 14 14:01:31 UTC 2025","passed","Tue Oct 14 14:01:31 UTC 2025","","findConfig","",""
"","0","should export editor CSRF cookie name","consts.ts","Tue Oct 14 14:01:07 UTC 2025","passed","Tue Oct 14 14:01:07 UTC 2025","","","",""
"","2","converts first character to uppercase","Utils","Tue Oct 14 14:01:16 UTC 2025","passed","Tue Oct 14 14:01:16 UTC 2025","","firstUpperCase","",""
"","0","renderMarkDoc handles empty content","MarkDoc Render Library","Tue Oct 14 14:00:58 UTC 2025","passed","Tue Oct 14 14:00:58 UTC 2025","","","",""
"","1","should have studiocms:astro:config hook","studiocmsMDX","Tue Oct 14 14:00:57 UTC 2025","passed","Tue Oct 14 14:00:57 UTC 2025","","plugin hooks","",""
"","8","should validate correct props","ComponentRegistry","Tue Oct 14 14:00:57 UTC 2025","passed","Tue Oct 14 14:00:57 UTC 2025","","validateProps","",""
"","479","render component","Virtual Components Container tests","Tue Oct 14 14:01:33 UTC 2025","passed","Tue Oct 14 14:01:34 UTC 2025","","CustomImage component","",""
"","0","should allow undefined input and default to {}","authConfigSchema","Tue Oct 14 14:01:24 UTC 2025","passed","Tue Oct 14 14:01:24 UTC 2025","","","",""
"","0","should allow updating options","TemplateRenderer","Tue Oct 14 14:01:21 UTC 2025","passed","Tue Oct 14 14:01:21 UTC 2025","","Options management","",""
"","3","makeExpirationDate throws SessionError if expTime is not a number","Session Utils","Tue Oct 14 14:01:35 UTC 2025","passed","Tue Oct 14 14:01:36 UTC 2025","","","",""
"","8","should provide config through context","Scrypt Module","Tue Oct 14 14:01:00 UTC 2025","passed","Tue Oct 14 14:01:00 UTC 2025","","ScryptConfig","",""
"","204","PageList renders correctly with blog posts","PageList component","Tue Oct 14 14:01:40 UTC 2025","passed","Tue Oct 14 14:01:40 UTC 2025","","","",""
"","0","should have hooks object","@studiocms/discord","Tue Oct 14 14:01:08 UTC 2025","passed","Tue Oct 14 14:01:08 UTC 2025","","plugin structure","",""
"","1","should call studiocms:config:setup hook with setRendering","studiocmsHTML","Tue Oct 14 14:01:07 UTC 2025","passed","Tue Oct 14 14:01:07 UTC 2025","","plugin hooks","",""
"","0","passes mode to decodeHTML when level is HTML","decode","Tue Oct 14 14:01:32 UTC 2025","passed","Tue Oct 14 14:01:32 UTC 2025","","","",""
"","1","validates project ID format","WYSIWYG Store Route","Tue Oct 14 14:01:00 UTC 2025","passed","Tue Oct 14 14:01:00 UTC 2025","","","",""
"","2","should create an error with correct properties","ValidateAuthCodeError","Tue Oct 14 14:01:29 UTC 2025","passed","Tue Oct 14 14:01:29 UTC 2025","","","",""
"","0","should return false for a date older than 30 days","checkDate","Tue Oct 14 14:01:32 UTC 2025","passed","Tue Oct 14 14:01:32 UTC 2025","","","",""
"","3","plugin sets up astro config integration","StudioCMS WYSIWYG Plugin","Tue Oct 14 14:01:15 UTC 2025","passed","Tue Oct 14 14:01:15 UTC 2025","","","",""
"","2","returns correct export statement for valid input","rendererComponentFilter","Tue Oct 14 14:01:33 UTC 2025","passed","Tue Oct 14 14:01:33 UTC 2025","","","",""
"","1","should validate complete page data","WordPress API Schema","Tue Oct 14 14:00:59 UTC 2025","passed","Tue Oct 14 14:00:59 UTC 2025","","Page","",""
"","0","handles /_server-islands with default (no prefix)","i18n/server","Tue Oct 14 14:01:24 UTC 2025","passed","Tue Oct 14 14:01:24 UTC 2025","","getCurrentURLPath","",""
"","0","should have correct package identifier","studiocmsMDX","Tue Oct 14 14:00:57 UTC 2025","passed","Tue Oct 14 14:00:57 UTC 2025","","plugin configuration","",""
"","1","should reject unknown locale keys","i18nLabelSchema","Tue Oct 14 14:01:06 UTC 2025","passed","Tue Oct 14 14:01:06 UTC 2025","","","",""
"","3","should validate a checkbox field","FieldSchema","Tue Oct 14 14:01:06 UTC 2025","passed","Tue Oct 14 14:01:06 UTC 2025","","","",""
"","0","should have studiocms:config:setup hook","@studiocms/google","Tue Oct 14 14:01:08 UTC 2025","passed","Tue Oct 14 14:01:08 UTC 2025","","hook implementation","",""
"","3","updates select label text","updateSelectElmLabel","Tue Oct 14 14:01:48 UTC 2025","passed","Tue Oct 14 14:01:48 UTC 2025","","","",""
"","2","AuthKitConfig object matches expected shape","Config Helper","Tue Oct 14 14:01:04 UTC 2025","passed","Tue Oct 14 14:01:04 UTC 2025","","","",""
"","4","proxies function components and processes props and children","createComponentProxy","Tue Oct 14 14:01:14 UTC 2025","passed","Tue Oct 14 14:01:14 UTC 2025","","","",""
"","20","renders basic content","WYSIWYG Render Component","Tue Oct 14 14:01:31 UTC 2025","passed","Tue Oct 14 14:01:31 UTC 2025","","","",""
"","2","throws on unexpected structure","loadChangelog","Tue Oct 14 14:01:20 UTC 2025","passed","Tue Oct 14 14:01:20 UTC 2025","","","",""
"","1","should preserve all properties of the config object","defineStudioCMSConfig","Tue Oct 14 14:01:42 UTC 2025","passed","Tue Oct 14 14:01:42 UTC 2025","","","",""
"","2","should set message, hint, stack, and name","ComponentProxyError","Tue Oct 14 14:01:24 UTC 2025","passed","Tue Oct 14 14:01:24 UTC 2025","","","",""
"","9","should report both missing and unknown props","ComponentRegistry","Tue Oct 14 14:00:57 UTC 2025","passed","Tue Oct 14 14:00:57 UTC 2025","","validateProps","",""
"","1","should use default values when config is not provided","schema","Tue Oct 14 14:01:17 UTC 2025","passed","Tue Oct 14 14:01:17 UTC 2025","","AppsConfigSchema","",""
"","0","returns site defaultOgImage if hero is undefined","heroHelper tests","Tue Oct 14 14:01:20 UTC 2025","passed","Tue Oct 14 14:01:20 UTC 2025","getHeroImage","trimInput","",""
"","3","render component with no content","Virtual Components Container tests","Tue Oct 14 14:01:34 UTC 2025","passed","Tue Oct 14 14:01:34 UTC 2025","","Renderer component","",""
"","44","Renderer with props 0","Renderer component","Tue Oct 14 14:01:42 UTC 2025","passed","Tue Oct 14 14:01:42 UTC 2025","","","",""
"","1","handles error responses","WYSIWYG Store Route","Tue Oct 14 14:01:00 UTC 2025","passed","Tue Oct 14 14:01:00 UTC 2025","","","",""
"","3","should generate default head tags with required fields","headDefaults","Tue Oct 14 14:01:24 UTC 2025","passed","Tue Oct 14 14:01:24 UTC 2025","","","",""
"","2","should have correct structure for each image","validImages","Tue Oct 14 14:01:38 UTC 2025","passed","Tue Oct 14 14:01:38 UTC 2025","","","",""
"","1","plugin sets up rendering configuration","StudioCMS MarkDoc Plugin","Tue Oct 14 14:01:06 UTC 2025","passed","Tue Oct 14 14:01:06 UTC 2025","","","",""
"","1","should fail if demoMode object is missing username","developerConfigSchema","Tue Oct 14 14:01:38 UTC 2025","passed","Tue Oct 14 14:01:38 UTC 2025","","","",""
"","5","parses valid config","Zod Utils","Tue Oct 14 14:01:19 UTC 2025","passed","Tue Oct 14 14:01:19 UTC 2025","","parseConfig","",""
"","7","should call studiocms:astro:config hook with addIntegrations","studiocmsMD","Tue Oct 14 14:00:55 UTC 2025","passed","Tue Oct 14 14:00:55 UTC 2025","","plugin hooks","",""
"","0","should allow custom headers and allowedOrigins","response-helpers","Tue Oct 14 14:01:12 UTC 2025","passed","Tue Oct 14 14:01:12 UTC 2025","","createRedirectResponse","",""
"","1","handles cache config object","SDKCacheSchema","Tue Oct 14 14:01:16 UTC 2025","passed","Tue Oct 14 14:01:16 UTC 2025","","","",""
"","0","should return path unchanged if leading slash exists","pathGenerator utilities","Tue Oct 14 14:01:21 UTC 2025","passed","Tue Oct 14 14:01:21 UTC 2025","","ensureLeadingSlash","",""
"","1","fork should create a new logger with same options and new label","S48Logger","Tue Oct 14 14:01:19 UTC 2025","passed","Tue Oct 14 14:01:19 UTC 2025","","","",""
"","5","throws if no entry points found","builder","Tue Oct 14 14:01:13 UTC 2025","passed","Tue Oct 14 14:01:13 UTC 2025","","","",""
"","0","FolderTreeMapID should be ""__StudioCMS_Folder_Tree""","StudioCMS SDK Constants","Tue Oct 14 14:01:41 UTC 2025","passed","Tue Oct 14 14:01:41 UTC 2025","","","",""
"","0","should not have other hooks","@studiocms/github","Tue Oct 14 14:01:08 UTC 2025","passed","Tue Oct 14 14:01:08 UTC 2025","","hook implementation","",""
"","1","parses valid JSON strings","Utils","Tue Oct 14 14:01:16 UTC 2025","passed","Tue Oct 14 14:01:16 UTC 2025","","parse","",""
"","3","buildSecurePassword returns correct format","Password Utils","Tue Oct 14 14:01:26 UTC 2025","passed","Tue Oct 14 14:01:26 UTC 2025","","","",""
"","22","updates document title, meta description, and lang","documentUpdater","Tue Oct 14 14:01:48 UTC 2025","passed","Tue Oct 14 14:01:48 UTC 2025","","","",""
"","1","should handle empty arrays","buildVirtualImport","Tue Oct 14 14:01:25 UTC 2025","passed","Tue Oct 14 14:01:25 UTC 2025","","","",""
"","1","should propagate errors thrown by the handler","Api-Route Tests","Tue Oct 14 14:01:00 UTC 2025","passed","Tue Oct 14 14:01:00 UTC 2025","","createEffectAPIRoute tests","",""
"","19","Editor handles various content types","Editor component","Tue Oct 14 14:01:06 UTC 2025","passed","Tue Oct 14 14:01:06 UTC 2025","","","",""
"","1","can be used with custom options","deepmerge test","Tue Oct 14 14:01:23 UTC 2025","passed","Tue Oct 14 14:01:23 UTC 2025","","Deepmerge Effect Service","",""
"","1","returns a non -1 index for a valid branch (example: ""a"" -> 0x61) in the root","determineBranch","Tue Oct 14 14:01:22 UTC 2025","passed","Tue Oct 14 14:01:22 UTC 2025","","","",""
"","1","should call studiocms:config:setup hook with setRendering","studiocmsMD","Tue Oct 14 14:00:55 UTC 2025","passed","Tue Oct 14 14:00:55 UTC 2025","","plugin hooks","",""
"","1","should return a valid StudioCMSPlugin object","@studiocms/auth0","Tue Oct 14 14:01:07 UTC 2025","passed","Tue Oct 14 14:01:07 UTC 2025","","plugin creation","",""
"","1","createRenderer handles undefined content","WYSIWYG Partial Route","Tue Oct 14 14:01:30 UTC 2025","passed","Tue Oct 14 14:01:30 UTC 2025","","","",""
"","2","Renderer handles undefined content","MDX Renderer component","Tue Oct 14 14:01:11 UTC 2025","passed","Tue Oct 14 14:01:11 UTC 2025","","Edge cases","",""
"","1","verifyUsernameCharacters returns undefined for valid username","User Utils","Tue Oct 14 14:01:21 UTC 2025","passed","Tue Oct 14 14:01:21 UTC 2025","","","",""
"","16","should generate Cloudinary URL for local image","cloudinaryImageService","Tue Oct 14 14:01:03 UTC 2025","passed","Tue Oct 14 14:01:03 UTC 2025","","successful image generation","",""
"","0","decodes HTML entities when EntityLevel.HTML is specified","decode","Tue Oct 14 14:01:32 UTC 2025","passed","Tue Oct 14 14:01:32 UTC 2025","","","",""
"","1","should correctly infer HTMLSchemaOptions type","HTMLSchema","Tue Oct 14 14:01:27 UTC 2025","passed","Tue Oct 14 14:01:27 UTC 2025","","type inference","",""
"","0","should have studiocms:astro:config hook","studiocmsMD","Tue Oct 14 14:00:55 UTC 2025","passed","Tue Oct 14 14:00:55 UTC 2025","","plugin hooks","",""
"","0","treats undefined and null as equal","Middleware Utils","Tue Oct 14 14:01:18 UTC 2025","passed","Tue Oct 14 14:01:18 UTC 2025","sortByPriority","handlerFilter","",""
"","0","should return true for a date within the last 7 days","checkDate","Tue Oct 14 14:01:32 UTC 2025","passed","Tue Oct 14 14:01:32 UTC 2025","","","",""
"","0","returns pathname without lang prefix for English paths","i18n/server","Tue Oct 14 14:01:24 UTC 2025","passed","Tue Oct 14 14:01:24 UTC 2025","","getCurrentURLPath","",""
"","0","handles empty string","safeString","Tue Oct 14 14:01:41 UTC 2025","passed","Tue Oct 14 14:01:41 UTC 2025","","","",""
"","1","should reject non-boolean discordSubtext","studiocmsMD","Tue Oct 14 14:00:55 UTC 2025","passed","Tue Oct 14 14:00:55 UTC 2025","","schema validation","",""
"","0","returns true for a date within the last 30 days","withinLast30Days","Tue Oct 14 14:01:34 UTC 2025","passed","Tue Oct 14 14:01:34 UTC 2025","","","",""
"","1","generateRandomIDNumber returns a number of correct length","SDKCore_Generators","Tue Oct 14 14:01:33 UTC 2025","passed","Tue Oct 14 14:01:33 UTC 2025","","","",""
"","1","should handle URL paths","readJson","Tue Oct 14 14:01:25 UTC 2025","passed","Tue Oct 14 14:01:25 UTC 2025","","","",""
"","0","should allow valid GridItemUsable","GridItemUsable","Tue Oct 14 14:01:06 UTC 2025","passed","Tue Oct 14 14:01:06 UTC 2025","","","",""
"","0","calculates score correctly","processWebVitalsRouteSummary","Tue Oct 14 14:01:17 UTC 2025","passed","Tue Oct 14 14:01:17 UTC 2025","","","",""
"","12","processes valid group and returns correct summary","processWebVitalsRouteSummary","Tue Oct 14 14:01:17 UTC 2025","passed","Tue Oct 14 14:01:17 UTC 2025","","","",""
"","0","accepts valid lifetime","CacheConfigSchema","Tue Oct 14 14:01:16 UTC 2025","passed","Tue Oct 14 14:01:16 UTC 2025","","","",""
"","3","Renderer handles missing data prop gracefully","MarkDoc Renderer component","Tue Oct 14 14:01:03 UTC 2025","passed","Tue Oct 14 14:01:03 UTC 2025","","","",""
"","0","should create layer with makeLayer","WordPress API Configs","Tue Oct 14 14:00:58 UTC 2025","passed","Tue Oct 14 14:00:58 UTC 2025","","AstroAPIContextProvider","",""
"","0","returns fallback if both hero and site defaultOgImage are empty","heroHelper tests","Tue Oct 14 14:01:20 UTC 2025","passed","Tue Oct 14 14:01:20 UTC 2025","getHeroImage","trimInput","",""
"","2","should create a Logger instance and log at correct level","makeLogger","Tue Oct 14 14:01:19 UTC 2025","passed","Tue Oct 14 14:01:19 UTC 2025","","","",""
"","1","proxies string components directly","createComponentProxy","Tue Oct 14 14:01:14 UTC 2025","passed","Tue Oct 14 14:01:14 UTC 2025","","","",""
"","0","should handle empty route string","makeAPIRoute","Tue Oct 14 14:01:34 UTC 2025","passed","Tue Oct 14 14:01:34 UTC 2025","","","",""
"","1","getLevel returns unknown for null","User Utils","Tue Oct 14 14:01:21 UTC 2025","passed","Tue Oct 14 14:01:21 UTC 2025","","","",""
"","0","type allows empty object","WYSIWYG Types and Schema","Tue Oct 14 14:01:07 UTC 2025","passed","Tue Oct 14 14:01:07 UTC 2025","","WYSIWYGSchemaOptions type","",""
"","1","renders with mixed content types","MarkDocReactRenderer","Tue Oct 14 14:01:26 UTC 2025","passed","Tue Oct 14 14:01:26 UTC 2025","","","",""
"","1","should handle plugin with maximum configuration","studiocmsMDX","Tue Oct 14 14:00:57 UTC 2025","passed","Tue Oct 14 14:00:57 UTC 2025","","Edge cases","",""
"","0","handles unicode characters","Utils","Tue Oct 14 14:01:16 UTC 2025","passed","Tue Oct 14 14:01:16 UTC 2025","","firstUpperCase","",""
"","0","VersionMapID should be ""__StudioCMS_Latest_Version""","StudioCMS SDK Constants","Tue Oct 14 14:01:41 UTC 2025","passed","Tue Oct 14 14:01:41 UTC 2025","","","",""
"","1","should contain the correct char codes","xmlDecodeTree","Tue Oct 14 14:01:44 UTC 2025","passed","Tue Oct 14 14:01:44 UTC 2025","","","",""
"","0","validates props interface","ReactWrapper.astro","Tue Oct 14 14:01:03 UTC 2025","passed","Tue Oct 14 14:01:03 UTC 2025","","","",""
"","1","should handle app-toggled event with state false","app-utils","Tue Oct 14 14:01:06 UTC 2025","passed","Tue Oct 14 14:01:06 UTC 2025","","closeOnOutsideClick","",""
"","0","should handle deeply nested plugin configurations","studiocmsMDX","Tue Oct 14 14:00:57 UTC 2025","passed","Tue Oct 14 14:00:57 UTC 2025","","Edge cases","",""
"","0","should return spaces for space-indented line","String Utilities","Tue Oct 14 14:01:01 UTC 2025","passed","Tue Oct 14 14:01:01 UTC 2025","","getIndent","",""
"","0","returns correct score text","webVitalsUtils","Tue Oct 14 14:01:00 UTC 2025","passed","Tue Oct 14 14:01:00 UTC 2025","","calculateInpScoreText","",""
"","12","should render simple MDX content","renderMDX","Tue Oct 14 14:00:55 UTC 2025","passed","Tue Oct 14 14:00:55 UTC 2025","","","",""
"","1","should handle preflight requests without CORS","Api-Route Tests","Tue Oct 14 14:01:00 UTC 2025","passed","Tue Oct 14 14:01:00 UTC 2025","","withEffectAPI tests","",""
"","3","should use default shared config","renderMDX","Tue Oct 14 14:00:55 UTC 2025","passed","Tue Oct 14 14:00:55 UTC 2025","","","",""
"","0","decodes XML entities when options.level is XML","decode","Tue Oct 14 14:01:32 UTC 2025","passed","Tue Oct 14 14:01:32 UTC 2025","","","",""
"","1","fails on non-array input","SDKCore_Parsers","Tue Oct 14 14:01:16 UTC 2025","passed","Tue Oct 14 14:01:16 UTC 2025","","parseIdNumberArray","",""
"","0","should handle hyphens at the beginning and end","String Utilities","Tue Oct 14 14:01:01 UTC 2025","passed","Tue Oct 14 14:01:01 UTC 2025","","convertHyphensToUnderscores","",""
"","7","should provide DrizzleDBClientService with config","drizzleDBClientLive","Tue Oct 14 14:01:15 UTC 2025","passed","Tue Oct 14 14:01:15 UTC 2025","","","",""
"","0","should resolve built-in subpaths","nodeNamespaceBuiltinsAstro","Tue Oct 14 14:01:31 UTC 2025","passed","Tue Oct 14 14:01:31 UTC 2025","","resolveBuiltIns","",""
"","0","should handle string with no hyphens","String Utilities","Tue Oct 14 14:01:01 UTC 2025","passed","Tue Oct 14 14:01:01 UTC 2025","","convertHyphensToUnderscores","",""
"","0","accepts custom values","ProcessedCacheConfigSchema","Tue Oct 14 14:01:16 UTC 2025","passed","Tue Oct 14 14:01:16 UTC 2025","","","",""
"","0","dynamicVirtual exports all modules","VirtualModuleBuilder","Tue Oct 14 14:01:21 UTC 2025","passed","Tue Oct 14 14:01:21 UTC 2025","","","",""
"","0","should add items to last24HoursData if isInLast24Hours is true","buildDataObject","Tue Oct 14 14:01:17 UTC 2025","passed","Tue Oct 14 14:01:17 UTC 2025","","","",""
"","0","returns inlineConfig if configFile is undefined","Zod Utils","Tue Oct 14 14:01:19 UTC 2025","passed","Tue Oct 14 14:01:19 UTC 2025","","parseAndMerge","",""
"","0","should have studiocms:config:setup hook","studiocmsHTML","Tue Oct 14 14:01:07 UTC 2025","passed","Tue Oct 14 14:01:07 UTC 2025","","plugin hooks","",""
"","0","should validate rendered data structure","WordPress API Schema","Tue Oct 14 14:00:59 UTC 2025","passed","Tue Oct 14 14:00:59 UTC 2025","","RenderedData","",""
"","0","returns green for <=100","webVitalsUtils","Tue Oct 14 14:01:00 UTC 2025","passed","Tue Oct 14 14:01:00 UTC 2025","","inpTextColor","",""
"","2","should return an HTML string containing the provided link","verifyEmail template","Tue Oct 14 14:01:41 UTC 2025","passed","Tue Oct 14 14:01:41 UTC 2025","","","",""
"","1","handles multiple routes and metrics","processWebVitalsRouteSummary","Tue Oct 14 14:01:17 UTC 2025","passed","Tue Oct 14 14:01:17 UTC 2025","","","",""
"","1","sortHead puts important tags first","headConfigSchema","Tue Oct 14 14:01:14 UTC 2025","passed","Tue Oct 14 14:01:14 UTC 2025","","","",""
"","0","should allow overriding top-level options","FrontEndConfigSchema","Tue Oct 14 14:01:29 UTC 2025","passed","Tue Oct 14 14:01:29 UTC 2025","","","",""
"","0","plugin handles undefined options","StudioCMS WYSIWYG Plugin","Tue Oct 14 14:01:15 UTC 2025","passed","Tue Oct 14 14:01:15 UTC 2025","","","",""
"","3","should render MDX content with JSX components","renderMDX","Tue Oct 14 14:00:55 UTC 2025","passed","Tue Oct 14 14:00:55 UTC 2025","","","",""
"","0","parseFormDataEntryToString: should return null for missing key","API Context Utils","Tue Oct 14 14:01:13 UTC 2025","passed","Tue Oct 14 14:01:13 UTC 2025","","","",""
"","0","decodes regular code points","decode-codepoint","Tue Oct 14 14:01:32 UTC 2025","passed","Tue Oct 14 14:01:32 UTC 2025","","decodeCodePoint","",""
"","3","createOAuthUser returns a user object","User Module","Tue Oct 14 14:01:03 UTC 2025","passed","Tue Oct 14 14:01:03 UTC 2025","","","",""
"","1","handles success responses","WYSIWYG Store Route","Tue Oct 14 14:01:00 UTC 2025","passed","Tue Oct 14 14:01:00 UTC 2025","","","",""
"","1","should validate all required fields are present","WordPress API Configs","Tue Oct 14 14:00:58 UTC 2025","passed","Tue Oct 14 14:00:58 UTC 2025","","Configuration Validation","",""
"","1","should return the verifyEmail template","getTemplate","Tue Oct 14 14:01:46 UTC 2025","passed","Tue Oct 14 14:01:46 UTC 2025","","","",""
"","0","remapFilterSitemap uses blog route when blog=true","getBlogRoute","Tue Oct 14 14:01:23 UTC 2025","passed","Tue Oct 14 14:01:23 UTC 2025","","","",""
"","1","should add the blog integration in the astro config hook","studiocms/blog","Tue Oct 14 14:01:26 UTC 2025","passed","Tue Oct 14 14:01:26 UTC 2025","","hooks","",""
"","21","Renderer with props 0","Renderer component","Tue Oct 14 14:01:42 UTC 2025","passed","Tue Oct 14 14:01:42 UTC 2025","","","",""
"","0","extracts LCP values and calculates average","webVitalsUtils","Tue Oct 14 14:01:00 UTC 2025","passed","Tue Oct 14 14:01:00 UTC 2025","","lcpDataAverage","",""
"","0","parseFormDataEntryToString: should return string value for key","API Context Utils","Tue Oct 14 14:01:13 UTC 2025","passed","Tue Oct 14 14:01:13 UTC 2025","","","",""
"","0","should handle route with trailing slash","makePublicRoute","Tue Oct 14 14:01:41 UTC 2025","passed","Tue Oct 14 14:01:41 UTC 2025","","","",""
"","2","handles arrays, optionals, nullables, and tuples","Zod Utils","Tue Oct 14 14:01:19 UTC 2025","passed","Tue Oct 14 14:01:19 UTC 2025","","deepRemoveDefaults","",""
"","2","encryptToString and decryptToString roundtrip","Encryption Module","Tue Oct 14 14:01:28 UTC 2025","passed","Tue Oct 14 14:01:28 UTC 2025","","","",""
"","0","getDeleteRoute returns correct delete route","routeMap","Tue Oct 14 14:01:07 UTC 2025","passed","Tue Oct 14 14:01:07 UTC 2025","","","",""
"","1","merges nested objects deeply","deepmerge test","Tue Oct 14 14:01:23 UTC 2025","passed","Tue Oct 14 14:01:23 UTC 2025","","deepmerge utility","",""
"","3487","should perform end-to-end mail sending workflow","SMTP Service","Tue Oct 14 14:01:03 UTC 2025","passed","Tue Oct 14 14:01:07 UTC 2025","","Integration tests","",""
"","1","should generate Cloudinary URL for external HTTPS image","cloudinaryImageService","Tue Oct 14 14:01:03 UTC 2025","passed","Tue Oct 14 14:01:03 UTC 2025","","successful image generation","",""
"","0","should validate page types","PageTypesSchema","Tue Oct 14 14:01:06 UTC 2025","passed","Tue Oct 14 14:01:06 UTC 2025","","","",""
"","1","composeAvatarUrl builds correct URL","Libravatar Utils","Tue Oct 14 14:01:18 UTC 2025","passed","Tue Oct 14 14:01:18 UTC 2025","","","",""
"","0","should resolve namespaced built-in subpaths","nodeNamespaceBuiltinsAstro","Tue Oct 14 14:01:31 UTC 2025","passed","Tue Oct 14 14:01:31 UTC 2025","","resolveBuiltIns","",""
"","1","defaults lifetime to defaultCacheLifeTime","CacheConfigSchema","Tue Oct 14 14:01:16 UTC 2025","passed","Tue Oct 14 14:01:16 UTC 2025","","","",""
"","3","updates toggle label text","updateToggleElmLabel","Tue Oct 14 14:01:48 UTC 2025","passed","Tue Oct 14 14:01:48 UTC 2025","","","",""
"","1","createURLGenFactory returns a function","urlGenFactory","Tue Oct 14 14:01:33 UTC 2025","passed","Tue Oct 14 14:01:33 UTC 2025","","","",""
"","1","should throw StudioCMSCoreError for unsupported favicon extension","headDefaults","Tue Oct 14 14:01:24 UTC 2025","passed","Tue Oct 14 14:01:24 UTC 2025","","","",""
"","1","renderMarkDoc with custom renderer","MarkDoc Render Library","Tue Oct 14 14:00:58 UTC 2025","passed","Tue Oct 14 14:00:58 UTC 2025","","","",""
"","0","should convert single hyphen to underscore","String Utilities","Tue Oct 14 14:01:01 UTC 2025","passed","Tue Oct 14 14:01:01 UTC 2025","","convertHyphensToUnderscores","",""
"","4","getUserPasswordHash fails if user has no password","User Module","Tue Oct 14 14:01:03 UTC 2025","passed","Tue Oct 14 14:01:03 UTC 2025","","","",""
"","1","verifyUsernameSafe returns undefined for safe username","User Utils","Tue Oct 14 14:01:21 UTC 2025","passed","Tue Oct 14 14:01:21 UTC 2025","","","",""
"","0","should handle string with only underscores","String Utilities","Tue Oct 14 14:01:01 UTC 2025","passed","Tue Oct 14 14:01:01 UTC 2025","","convertUnderscoresToHyphens","",""
"","0","returns red for >0.5","webVitalsUtils","Tue Oct 14 14:01:00 UTC 2025","passed","Tue Oct 14 14:01:00 UTC 2025","","progressBarClsColor","",""
"","1","HeadConfigSchema applies defaults","headConfigSchema","Tue Oct 14 14:01:14 UTC 2025","passed","Tue Oct 14 14:01:14 UTC 2025","","","",""
"","0","renders with null content","ReactWrapper.astro","Tue Oct 14 14:01:03 UTC 2025","passed","Tue Oct 14 14:01:03 UTC 2025","","","",""
"","4","should parse simple variables","TemplateParser","Tue Oct 14 14:01:31 UTC 2025","passed","Tue Oct 14 14:01:31 UTC 2025","","parse","",""
"","2","runEffect resolves Effect with value","Effect Utilities","Tue Oct 14 14:01:39 UTC 2025","passed","Tue Oct 14 14:01:39 UTC 2025","","","",""
"","3","parses valid array of numbers","SDKCore_Parsers","Tue Oct 14 14:01:16 UTC 2025","passed","Tue Oct 14 14:01:16 UTC 2025","","parseIdNumberArray","",""
"","2","should call definePlugin with correct configuration","Cloudinary Image Service Plugin","Tue Oct 14 14:00:56 UTC 2025","passed","Tue Oct 14 14:00:56 UTC 2025","","cloudinaryImageService","",""
"","3","should accept valid sanitize options","HTMLSchema","Tue Oct 14 14:01:27 UTC 2025","passed","Tue Oct 14 14:01:27 UTC 2025","","validation","",""
"","0","should generate renderer API route","apiRoute","Tue Oct 14 14:01:34 UTC 2025","passed","Tue Oct 14 14:01:34 UTC 2025","","","",""
"","6","should create a plugin with default options","studiocmsMD","Tue Oct 14 14:00:55 UTC 2025","passed","Tue Oct 14 14:00:55 UTC 2025","","plugin creation","",""
"","1","should use default values when config is not provided","schema","Tue Oct 14 14:01:17 UTC 2025","passed","Tue Oct 14 14:01:17 UTC 2025","","StudioCMSDevAppsSchema","",""
"","2","should replace basic variables","TemplateEngine","Tue Oct 14 14:01:18 UTC 2025","passed","Tue Oct 14 14:01:18 UTC 2025","","Basic functionality","",""
"","27","PageList renders correctly with no blog posts","PageList component","Tue Oct 14 14:01:40 UTC 2025","passed","Tue Oct 14 14:01:40 UTC 2025","","","",""
"","0","returns { theme: ""github"" } when opt is ""github""","preRender","Tue Oct 14 14:01:24 UTC 2025","passed","Tue Oct 14 14:01:24 UTC 2025","","parseCallouts","",""
"","5","should transform boolean config to object format","schema","Tue Oct 14 14:01:17 UTC 2025","passed","Tue Oct 14 14:01:17 UTC 2025","","AppsConfigSchema","",""
"","19","readAPIContextJson: should fail if request.json throws","API Context Utils","Tue Oct 14 14:01:13 UTC 2025","passed","Tue Oct 14 14:01:13 UTC 2025","","","",""
"","1","readAPIContextFormData: should parse FormData from request","API Context Utils","Tue Oct 14 14:01:13 UTC 2025","passed","Tue Oct 14 14:01:13 UTC 2025","","","",""
"","45","breakSecurePassword throws on invalid format","Password Utils","Tue Oct 14 14:01:26 UTC 2025","passed","Tue Oct 14 14:01:26 UTC 2025","","","",""
"","1","should fail if demoMode object is missing password","developerConfigSchema","Tue Oct 14 14:01:38 UTC 2025","passed","Tue Oct 14 14:01:38 UTC 2025","","","",""
"","1","returns schema defaults if both configs are undefined","Zod Utils","Tue Oct 14 14:01:19 UTC 2025","passed","Tue Oct 14 14:01:19 UTC 2025","","parseAndMerge","",""
"","2","should call queryFn with execute and input","DrizzleDBClientService","Tue Oct 14 14:01:15 UTC 2025","passed","Tue Oct 14 14:01:15 UTC 2025","","makeQuery","",""
"","1","returns false if pathname matches excludePaths","Middleware Utils","Tue Oct 14 14:01:18 UTC 2025","passed","Tue Oct 14 14:01:18 UTC 2025","","handlerFilter","",""
"","10","should initialize service with valid configuration","SMTP Service","Tue Oct 14 14:00:58 UTC 2025","passed","Tue Oct 14 14:00:58 UTC 2025","","SMTPService initialization","",""
"","17","exports required functions","WYSIWYG Store Route","Tue Oct 14 14:01:00 UTC 2025","passed","Tue Oct 14 14:01:00 UTC 2025","","","",""
"","2","plugin creation with custom options","StudioCMS WYSIWYG Plugin","Tue Oct 14 14:01:15 UTC 2025","passed","Tue Oct 14 14:01:15 UTC 2025","","","",""
"","0","should validate and transform dev apps config","schema","Tue Oct 14 14:01:17 UTC 2025","passed","Tue Oct 14 14:01:17 UTC 2025","","StudioCMSDevAppsSchema","",""
"","0","FolderListMapID should be ""__StudioCMS_Folder_List""","StudioCMS SDK Constants","Tue Oct 14 14:01:41 UTC 2025","passed","Tue Oct 14 14:01:41 UTC 2025","","","",""
"","49","should derive key successfully with valid input","Scrypt Module","Tue Oct 14 14:01:00 UTC 2025","passed","Tue Oct 14 14:01:00 UTC 2025","","Scrypt Service","",""
"","0","should create layer with makeLayer","WordPress API Configs","Tue Oct 14 14:00:58 UTC 2025","passed","Tue Oct 14 14:00:58 UTC 2025","","APIEndpointConfig","",""
"","0","returns true if pathname matches includePaths and not excludePaths","Middleware Utils","Tue Oct 14 14:01:18 UTC 2025","passed","Tue Oct 14 14:01:18 UTC 2025","","handlerFilter","",""
"","10","renders basic markdown to HTML","parseMarkdown","Tue Oct 14 14:01:40 UTC 2025","passed","Tue Oct 14 14:01:41 UTC 2025","","","",""
"","0","returns NaN for empty array","webVitalsUtils","Tue Oct 14 14:01:00 UTC 2025","passed","Tue Oct 14 14:01:00 UTC 2025","","calculateClsAverage","",""
"","2","should handle empty content","renderMDX","Tue Oct 14 14:00:55 UTC 2025","passed","Tue Oct 14 14:00:55 UTC 2025","","","",""
"","0","switches path to selected language","i18n/server","Tue Oct 14 14:01:24 UTC 2025","passed","Tue Oct 14 14:01:24 UTC 2025","","switchLanguage","",""
"","0","PageFolderTreeMapID should be ""__StudioCMS_Page_Folder_Tree""","StudioCMS SDK Constants","Tue Oct 14 14:01:41 UTC 2025","passed","Tue Oct 14 14:01:41 UTC 2025","","","",""
"","0","returns defaultLang if language not found","i18n/server","Tue Oct 14 14:01:24 UTC 2025","passed","Tue Oct 14 14:01:24 UTC 2025","","getLangFromUrl","",""
"","5","render component with badge and icon","Components Container tests","Tue Oct 14 14:01:12 UTC 2025","passed","Tue Oct 14 14:01:12 UTC 2025","PageHeader component","First Time Setup components","",""
"","0","should return true when variables exist","TemplateParser","Tue Oct 14 14:01:31 UTC 2025","passed","Tue Oct 14 14:01:31 UTC 2025","","hasVariables","",""
"","0","proxies function components correctly","createComponentProxy","Tue Oct 14 14:01:14 UTC 2025","passed","Tue Oct 14 14:01:14 UTC 2025","","","",""
"","2","should be a symbol","shared module","Tue Oct 14 14:01:18 UTC 2025","passed","Tue Oct 14 14:01:18 UTC 2025","","symbol","",""
"","1","render component with props","Components Container tests","Tue Oct 14 14:01:12 UTC 2025","passed","Tue Oct 14 14:01:12 UTC 2025","StaticAuthCheck component","Auth components","",""
"","0","should return an empty array if no options are enabled","getEnabledNotificationCheckboxes","Tue Oct 14 14:01:32 UTC 2025","passed","Tue Oct 14 14:01:32 UTC 2025","","","",""
"","1","should return a 200 text response by default","response-helpers","Tue Oct 14 14:01:12 UTC 2025","passed","Tue Oct 14 14:01:12 UTC 2025","","createTextResponse","",""
"","0","should handle empty string","pathGenerator utilities","Tue Oct 14 14:01:21 UTC 2025","passed","Tue Oct 14 14:01:21 UTC 2025","","stripLeadingSlash","",""
"","1","should not include og:image and twitter:image if ogImage is undefined","headDefaults","Tue Oct 14 14:01:24 UTC 2025","passed","Tue Oct 14 14:01:24 UTC 2025","","","",""
"","0","should reject null input","HTMLSchema","Tue Oct 14 14:01:27 UTC 2025","passed","Tue Oct 14 14:01:27 UTC 2025","","validation","",""
"","0","works with a URL object for the link","userInvite template","Tue Oct 14 14:01:39 UTC 2025","passed","Tue Oct 14 14:01:39 UTC 2025","","","",""
"","1","should not dispatch toggle-app event when additionalCheck returns true","app-utils","Tue Oct 14 14:01:06 UTC 2025","passed","Tue Oct 14 14:01:06 UTC 2025","","closeOnOutsideClick","",""
"","0","should validate array of numbers","WordPress API Schema","Tue Oct 14 14:00:59 UTC 2025","passed","Tue Oct 14 14:00:59 UTC 2025","","NumberArray","",""
"","2","validates null as default","WYSIWYG Types and Schema","Tue Oct 14 14:01:07 UTC 2025","passed","Tue Oct 14 14:01:07 UTC 2025","","WYSIWYGSchema","",""
"","0","should handle plugin creation with undefined nested properties","studiocmsMDX","Tue Oct 14 14:00:57 UTC 2025","passed","Tue Oct 14 14:00:57 UTC 2025","","Edge cases","",""
"","2","the endpoint responds with the expected config","Config Utils Integration Utility tests","Tue Oct 14 14:01:37 UTC 2025","passed","Tue Oct 14 14:01:37 UTC 2025","","the integration loads and serves basic config over endpoint","",""
"","0","returns original string if no whitespace","heroHelper tests","Tue Oct 14 14:01:20 UTC 2025","passed","Tue Oct 14 14:01:20 UTC 2025","","trimInput","",""
"","0","should have correct minimum version requirement","@studiocms/auth0","Tue Oct 14 14:01:07 UTC 2025","passed","Tue Oct 14 14:01:07 UTC 2025","","plugin structure","",""
"","0","should handle empty JSON object","readJson","Tue Oct 14 14:01:25 UTC 2025","passed","Tue Oct 14 14:01:25 UTC 2025","","","",""
"","0","includes drafts if includeDrafts is true","filterPagesByDraftAndIndex","Tue Oct 14 14:01:05 UTC 2025","passed","Tue Oct 14 14:01:05 UTC 2025","","","",""
"","142","PostHeader renders correctly","PostHeader component","Tue Oct 14 14:01:44 UTC 2025","passed","Tue Oct 14 14:01:44 UTC 2025","","","",""
"","1","should create a plugin with Astro flavor options","studiocmsMD","Tue Oct 14 14:00:55 UTC 2025","passed","Tue Oct 14 14:00:55 UTC 2025","","plugin creation","",""
"","1","decodes code prop for CodeBlock and CodeSpan components","createComponentProxy","Tue Oct 14 14:01:14 UTC 2025","passed","Tue Oct 14 14:01:14 UTC 2025","","","",""
"","2","should handle evaluation errors gracefully","renderMDX","Tue Oct 14 14:00:55 UTC 2025","passed","Tue Oct 14 14:00:55 UTC 2025","","","",""
"","0","should return a valid StudioCMSPlugin object","@studiocms/google","Tue Oct 14 14:01:08 UTC 2025","passed","Tue Oct 14 14:01:08 UTC 2025","","plugin creation","",""
"","1","should list available UI translations","i18n/config","Tue Oct 14 14:01:39 UTC 2025","passed","Tue Oct 14 14:01:39 UTC 2025","","","",""
"","0","throws SyntaxError for empty string","Utils","Tue Oct 14 14:01:16 UTC 2025","passed","Tue Oct 14 14:01:16 UTC 2025","","parse","",""
"","0","generates correct fetch URL for mixed-content","webVitalsUtils","Tue Oct 14 14:01:00 UTC 2025","passed","Tue Oct 14 14:01:00 UTC 2025","","generateLighthouseFetchUrl","",""
"","0","non-dashboard route with override","urlGenFactory","Tue Oct 14 14:01:33 UTC 2025","passed","Tue Oct 14 14:01:33 UTC 2025","","","",""
"","1","should throw if value or density is negative","MetricSummaryRowSchema","Tue Oct 14 14:01:21 UTC 2025","passed","Tue Oct 14 14:01:21 UTC 2025","","","",""
"","1","should handle preflight requests with CORS","Api-Route Tests","Tue Oct 14 14:01:00 UTC 2025","passed","Tue Oct 14 14:01:00 UTC 2025","","withEffectAPI tests","",""
"","0","throws error if comp is undefined","pageContentComponentFilter","Tue Oct 14 14:01:33 UTC 2025","passed","Tue Oct 14 14:01:33 UTC 2025","","","",""
"","1","should have correct plugin identifier","@studiocms/github","Tue Oct 14 14:01:08 UTC 2025","passed","Tue Oct 14 14:01:08 UTC 2025","","plugin structure","",""
"","2","should return original src when image processing throws error","cloudinaryImageService","Tue Oct 14 14:01:03 UTC 2025","passed","Tue Oct 14 14:01:03 UTC 2025","","error handling","",""
"","1","should not have astro config hook","@studiocms/auth0","Tue Oct 14 14:01:07 UTC 2025","passed","Tue Oct 14 14:01:07 UTC 2025","","hooks","",""
"","0","should have no required dependencies","@studiocms/google","Tue Oct 14 14:01:08 UTC 2025","passed","Tue Oct 14 14:01:08 UTC 2025","","plugin structure","",""
"","1","throws SyntaxError for invalid JSON","Utils","Tue Oct 14 14:01:16 UTC 2025","passed","Tue Oct 14 14:01:16 UTC 2025","","parse","",""
"","1","should have the correct hooks defined","@studiocms/auth0","Tue Oct 14 14:01:07 UTC 2025","passed","Tue Oct 14 14:01:07 UTC 2025","","hooks","",""
"","52","toggles menu open/close on click","UserQuickTools custom element","Tue Oct 14 14:01:48 UTC 2025","passed","Tue Oct 14 14:01:48 UTC 2025","","","",""
"","3","Editor with HTML content","Editor component","Tue Oct 14 14:01:06 UTC 2025","passed","Tue Oct 14 14:01:06 UTC 2025","","","",""
"","2","parseUserIdentity returns correct hash and domain for email","Libravatar Utils","Tue Oct 14 14:01:18 UTC 2025","passed","Tue Oct 14 14:01:18 UTC 2025","","","",""
"","0","returns export statement with empty string comp","pageContentComponentFilter","Tue Oct 14 14:01:33 UTC 2025","passed","Tue Oct 14 14:01:33 UTC 2025","","","",""
"","2","plugin hooks are defined","StudioCMS WYSIWYG Plugin","Tue Oct 14 14:01:15 UTC 2025","passed","Tue Oct 14 14:01:15 UTC 2025","","","",""
"","1","should be defined","htmlDecodeTree","Tue Oct 14 14:01:44 UTC 2025","passed","Tue Oct 14 14:01:44 UTC 2025","","","",""
"","0","calculates average and floors to two decimals","webVitalsUtils","Tue Oct 14 14:01:00 UTC 2025","passed","Tue Oct 14 14:01:00 UTC 2025","","calculateLcpAverage","",""
"","0","should accept default values","PageTypeDefaultsOrString","Tue Oct 14 14:01:06 UTC 2025","passed","Tue Oct 14 14:01:06 UTC 2025","","","",""
"","0","returns yellow for >0.25 and <=0.5","webVitalsUtils","Tue Oct 14 14:01:00 UTC 2025","passed","Tue Oct 14 14:01:00 UTC 2025","","progressBarClsColor","",""
"","508","should have values in the valid Uint16 range","htmlDecodeTree","Tue Oct 14 14:01:44 UTC 2025","passed","Tue Oct 14 14:01:45 UTC 2025","","","",""
"","1","renderMarkDoc handles custom renderer errors","MarkDoc Render Library","Tue Oct 14 14:00:58 UTC 2025","passed","Tue Oct 14 14:00:58 UTC 2025","","","",""
"","0","should handle tab indentation","String Utilities","Tue Oct 14 14:01:01 UTC 2025","passed","Tue Oct 14 14:01:01 UTC 2025","","dedent","",""
"","1","does not throw for valid host","validateHost","Tue Oct 14 14:01:03 UTC 2025","passed","Tue Oct 14 14:01:03 UTC 2025","","","",""
"","2","returns correct string for BMP code points","decode-codepoint","Tue Oct 14 14:01:32 UTC 2025","passed","Tue Oct 14 14:01:32 UTC 2025","","fromCodePoint","",""
"","3","renders with valid React content","ReactWrapper.astro","Tue Oct 14 14:01:03 UTC 2025","passed","Tue Oct 14 14:01:03 UTC 2025","","","",""
"","1","should validate supported types","WordPress API Configs","Tue Oct 14 14:00:58 UTC 2025","passed","Tue Oct 14 14:00:58 UTC 2025","","APIEndpointConfig","",""
"","0","should have correct identifier constant","Cloudinary Image Service Plugin","Tue Oct 14 14:00:56 UTC 2025","passed","Tue Oct 14 14:00:56 UTC 2025","","cloudinaryImageService","",""
"","0","namedVirtual re-exports named export","VirtualModuleBuilder","Tue Oct 14 14:01:21 UTC 2025","passed","Tue Oct 14 14:01:21 UTC 2025","","","",""
"","0","validates sanitize with blockElements only","WYSIWYG Types and Schema","Tue Oct 14 14:01:07 UTC 2025","passed","Tue Oct 14 14:01:07 UTC 2025","","WYSIWYGSchema","",""
"","2","Renderer handles missing data prop gracefully","MDX Renderer component","Tue Oct 14 14:01:11 UTC 2025","passed","Tue Oct 14 14:01:11 UTC 2025","","","",""
"","0","should handle only whitespace lines","String Utilities","Tue Oct 14 14:01:01 UTC 2025","passed","Tue Oct 14 14:01:01 UTC 2025","","dedent","",""
"","0","convertToSafeString trims leading and trailing underscores","utils/safeString","Tue Oct 14 14:01:40 UTC 2025","passed","Tue Oct 14 14:01:40 UTC 2025","","","",""
"","6","decodes named HTML entities (legacy mode)","decodeHTML","Tue Oct 14 14:01:22 UTC 2025","passed","Tue Oct 14 14:01:22 UTC 2025","","","",""
"","0","should return undefined for non-built-in modules","nodeNamespaceBuiltinsAstro","Tue Oct 14 14:01:31 UTC 2025","passed","Tue Oct 14 14:01:31 UTC 2025","","resolveBuiltIns","",""
"","1","should validate array of metadata","WordPress API Schema","Tue Oct 14 14:00:59 UTC 2025","passed","Tue Oct 14 14:00:59 UTC 2025","","MetaDataSchema","",""
"","0","should create layer with makeLayer","WordPress API Configs","Tue Oct 14 14:00:58 UTC 2025","passed","Tue Oct 14 14:00:58 UTC 2025","","ImportPostsEndpointConfig","",""
"","0","should create CategoryOrTagConfig with empty array","WordPress API Configs","Tue Oct 14 14:00:58 UTC 2025","passed","Tue Oct 14 14:00:58 UTC 2025","","CategoryOrTagConfig","",""
"","4","accepts valid sanitize options","StudioCMSSanitizeOptionsSchema","Tue Oct 14 14:01:22 UTC 2025","passed","Tue Oct 14 14:01:22 UTC 2025","","","",""
"","0","decodes only semicolon-terminated entities","decodeHTMLStrict","Tue Oct 14 14:01:22 UTC 2025","passed","Tue Oct 14 14:01:22 UTC 2025","","","",""
"","1","returns cached version if dev mode and cache is fresh","getLatestVersion","Tue Oct 14 14:01:13 UTC 2025","passed","Tue Oct 14 14:01:13 UTC 2025","","","",""
"","6","renders content correctly","renderReact","Tue Oct 14 14:01:05 UTC 2025","passed","Tue Oct 14 14:01:05 UTC 2025","","","",""
"","1","should sanitize and transform HTML with dangerous content","transformHTML","Tue Oct 14 14:01:06 UTC 2025","passed","Tue Oct 14 14:01:06 UTC 2025","","","",""
"","1","should allow custom status and headers","response-helpers","Tue Oct 14 14:01:12 UTC 2025","passed","Tue Oct 14 14:01:12 UTC 2025","","createHtmlResponse","",""
"","0","returns correct percent for ranges","webVitalsUtils","Tue Oct 14 14:01:00 UTC 2025","passed","Tue Oct 14 14:01:00 UTC 2025","","calculateClsScorePercent","",""
"","0","should handle missing environment variables gracefully","Cloudinary Image Service Plugin","Tue Oct 14 14:00:56 UTC 2025","passed","Tue Oct 14 14:00:56 UTC 2025","","error handling","",""
"","96","should produce consistent results for same input","Scrypt Module","Tue Oct 14 14:01:00 UTC 2025","passed","Tue Oct 14 14:01:00 UTC 2025","","Scrypt Service","",""
"","6","generateSessionToken returns a base32 string","Session Module","Tue Oct 14 14:01:12 UTC 2025","passed","Tue Oct 14 14:01:12 UTC 2025","","","",""
"","5","Editor renders with no props","Editor component","Tue Oct 14 14:01:06 UTC 2025","passed","Tue Oct 14 14:01:06 UTC 2025","","","",""
"","2","verifyUserPermissionLevel returns correct values","Permission logic","Tue Oct 14 14:01:48 UTC 2025","passed","Tue Oct 14 14:01:48 UTC 2025","","","",""
"","43","should create a ClackError with cause","clack","Tue Oct 14 14:01:37 UTC 2025","passed","Tue Oct 14 14:01:37 UTC 2025","","ClackError","",""
"","0","generates correct XML for a single entry","template","Tue Oct 14 14:01:25 UTC 2025","passed","Tue Oct 14 14:01:25 UTC 2025","","","",""
"","0","should use empty string for missing variables by default","TemplateRenderer","Tue Oct 14 14:01:21 UTC 2025","passed","Tue Oct 14 14:01:21 UTC 2025","","Missing variables","",""
"","1","should accept plugins array","StudioCMSOptionsSchema","Tue Oct 14 14:01:27 UTC 2025","passed","Tue Oct 14 14:01:27 UTC 2025","","","",""
"","0","renders with undefined content","ReactWrapper.astro","Tue Oct 14 14:01:03 UTC 2025","passed","Tue Oct 14 14:01:03 UTC 2025","","","",""
"","0","should handle empty HTML","transformHTML","Tue Oct 14 14:01:06 UTC 2025","passed","Tue Oct 14 14:01:06 UTC 2025","","","",""
"","19","should return component props for registered component","ComponentRegistry","Tue Oct 14 14:00:57 UTC 2025","passed","Tue Oct 14 14:00:57 UTC 2025","","getComponentProps","",""
"","0","should validate status values","WordPress API Schema","Tue Oct 14 14:00:59 UTC 2025","passed","Tue Oct 14 14:00:59 UTC 2025","","StatusSchema","",""
"","11","updates label text","updateElmLabel","Tue Oct 14 14:01:48 UTC 2025","passed","Tue Oct 14 14:01:48 UTC 2025","","","",""
"","2","converts milliseconds to seconds","webVitalsUtils","Tue Oct 14 14:01:00 UTC 2025","passed","Tue Oct 14 14:01:00 UTC 2025","","msToSeconds","",""
"","10","should register component with custom name","ComponentRegistry","Tue Oct 14 14:00:57 UTC 2025","passed","Tue Oct 14 14:00:57 UTC 2025","","registerComponentFromFile","",""
"","6","createRenderer function is available","WYSIWYG Partial Route","Tue Oct 14 14:01:30 UTC 2025","passed","Tue Oct 14 14:01:30 UTC 2025","","","",""
"","0","parseUserIdentity returns nulls for invalid openid","Libravatar Utils","Tue Oct 14 14:01:18 UTC 2025","passed","Tue Oct 14 14:01:18 UTC 2025","","","",""
"","0","returns code point for valid code points","replaceCodePoint","Tue Oct 14 14:01:22 UTC 2025","passed","Tue Oct 14 14:01:22 UTC 2025","","","",""
"","22","should error on component with no props","ComponentRegistry","Tue Oct 14 14:00:57 UTC 2025","passed","Tue Oct 14 14:00:57 UTC 2025","","registerComponentFromFile","",""
"","0","should not have other hooks","@studiocms/auth0","Tue Oct 14 14:01:07 UTC 2025","passed","Tue Oct 14 14:01:07 UTC 2025","","hook implementation","",""
"","0","should handle multiple variables","TemplateEngine","Tue Oct 14 14:01:18 UTC 2025","passed","Tue Oct 14 14:01:18 UTC 2025","","Basic functionality","",""
"","0","should reject data without required fields","WordPress API Schema","Tue Oct 14 14:00:59 UTC 2025","passed","Tue Oct 14 14:00:59 UTC 2025","","RenderedProtectData","",""
"","1","parseAPIContextFormDataToObject: should parse and decode FormData with schema","API Context Utils","Tue Oct 14 14:01:13 UTC 2025","passed","Tue Oct 14 14:01:13 UTC 2025","","","",""
"","0","handles /_server-islands with explicit English","i18n/server","Tue Oct 14 14:01:24 UTC 2025","passed","Tue Oct 14 14:01:24 UTC 2025","","getCurrentURLPath","",""
"","14","serves CSS content with correct headers","WYSIWYG Grapes CSS Route","Tue Oct 14 14:01:38 UTC 2025","passed","Tue Oct 14 14:01:38 UTC 2025","","","",""
"","2","parses pageMetaData for array of diffItems","SDKCore_Parsers","Tue Oct 14 14:01:16 UTC 2025","passed","Tue Oct 14 14:01:16 UTC 2025","","fixDiff","",""
"","1","should accept custom logLevel","StudioCMSOptionsSchema","Tue Oct 14 14:01:27 UTC 2025","passed","Tue Oct 14 14:01:27 UTC 2025","","","",""
"","1","should not have other hooks","@studiocms/discord","Tue Oct 14 14:01:08 UTC 2025","passed","Tue Oct 14 14:01:08 UTC 2025","","hook implementation","",""
"","6","BaseHead with all props","BaseHead component","Tue Oct 14 14:01:30 UTC 2025","passed","Tue Oct 14 14:01:30 UTC 2025","","","",""
"","3","returns FolderTreeCacheObject with correct data and timestamp","folderTreeReturn","Tue Oct 14 14:01:05 UTC 2025","passed","Tue Oct 14 14:01:05 UTC 2025","","","",""
"","3","Editor with null content","Editor component","Tue Oct 14 14:01:06 UTC 2025","passed","Tue Oct 14 14:01:06 UTC 2025","","","",""
"","1","invalidateSession calls deleteSession","Session Module","Tue Oct 14 14:01:12 UTC 2025","passed","Tue Oct 14 14:01:12 UTC 2025","","","",""
"","1","dynamicWithAstroVirtual combines dynamic and astro exports","VirtualModuleBuilder","Tue Oct 14 14:01:21 UTC 2025","passed","Tue Oct 14 14:01:21 UTC 2025","","","",""
"","0","getLevel returns permissionLevel from UserSessionData","User Utils","Tue Oct 14 14:01:21 UTC 2025","passed","Tue Oct 14 14:01:21 UTC 2025","","","",""
"","1","plugin creation with custom renderer","StudioCMS MarkDoc Plugin","Tue Oct 14 14:01:06 UTC 2025","passed","Tue Oct 14 14:01:06 UTC 2025","","","",""
"","1","should throw error in strict mode","TemplateRenderer","Tue Oct 14 14:01:21 UTC 2025","passed","Tue Oct 14 14:01:21 UTC 2025","","Missing variables","",""
"","0","dashboard route without path","urlGenFactory","Tue Oct 14 14:01:33 UTC 2025","passed","Tue Oct 14 14:01:33 UTC 2025","","","",""
"","0","should include the button and instructions","verifyEmail template","Tue Oct 14 14:01:41 UTC 2025","passed","Tue Oct 14 14:01:41 UTC 2025","","","",""
"","1","should handle StudioCMS flavor with callouts disabled","studiocmsMD","Tue Oct 14 14:00:55 UTC 2025","passed","Tue Oct 14 14:00:55 UTC 2025","","plugin creation","",""
"","0","should default enabled to true","authConfigSchema","Tue Oct 14 14:01:24 UTC 2025","passed","Tue Oct 14 14:01:24 UTC 2025","","","",""
"","1","setSessionTokenCookie sets cookie on context","Session Module","Tue Oct 14 14:01:12 UTC 2025","passed","Tue Oct 14 14:01:12 UTC 2025","","","",""
"","1","fails on array with non-string","SDKCore_Parsers","Tue Oct 14 14:01:16 UTC 2025","passed","Tue Oct 14 14:01:16 UTC 2025","","parseIdStringArray","",""
"","223","should contain only numbers","htmlDecodeTree","Tue Oct 14 14:01:44 UTC 2025","passed","Tue Oct 14 14:01:44 UTC 2025","","","",""
"","0","returns default sitemap for config.sitemap === true","generateSitemapContent","Tue Oct 14 14:01:03 UTC 2025","passed","Tue Oct 14 14:01:03 UTC 2025","","","",""
"","44","Layout renders correctly","Layout component","Tue Oct 14 14:01:11 UTC 2025","passed","Tue Oct 14 14:01:11 UTC 2025","","","",""
"","1","returns isValid=false for expired token","generateJwt & verifyJwt","Tue Oct 14 14:01:17 UTC 2025","passed","Tue Oct 14 14:01:17 UTC 2025","","","",""
"","1","should construct the correct public route for a simple string","makePublicRoute","Tue Oct 14 14:01:41 UTC 2025","passed","Tue Oct 14 14:01:41 UTC 2025","","","",""
"","1","StudioCMSRoutes.endpointLinks contains expected keys and nested objects","routeMap","Tue Oct 14 14:01:07 UTC 2025","passed","Tue Oct 14 14:01:07 UTC 2025","","","",""
"","3","should handle config with external imports","Config Loader Utils","Tue Oct 14 14:01:01 UTC 2025","passed","Tue Oct 14 14:01:01 UTC 2025","","bundleConfigFile","",""
"","0","handles nested allowAttributes","WYSIWYG Types and Schema","Tue Oct 14 14:01:07 UTC 2025","passed","Tue Oct 14 14:01:07 UTC 2025","","Schema edge cases","",""
"","2","should throw error for invalid options","studiocmsHTML","Tue Oct 14 14:01:07 UTC 2025","passed","Tue Oct 14 14:01:07 UTC 2025","","plugin creation","",""
"","0","extracts INP values and calculates floored average","webVitalsUtils","Tue Oct 14 14:01:00 UTC 2025","passed","Tue Oct 14 14:01:00 UTC 2025","","inpDataAverage","",""
"","0","accepts undefined (optional)","StudioCMSSanitizeOptionsSchema","Tue Oct 14 14:01:22 UTC 2025","passed","Tue Oct 14 14:01:22 UTC 2025","","","",""
"","2","should validate open status","WordPress API Schema","Tue Oct 14 14:00:59 UTC 2025","passed","Tue Oct 14 14:00:59 UTC 2025","","OpenClosedSchema","",""
"","1","should retrieve existing object from globalThis","shared module","Tue Oct 14 14:01:18 UTC 2025","passed","Tue Oct 14 14:01:18 UTC 2025","","shared object","",""
"","0","renders with array of React elements","ReactWrapper.astro","Tue Oct 14 14:01:03 UTC 2025","passed","Tue Oct 14 14:01:03 UTC 2025","","","",""
"","1","rejects invalid types","StudioCMSSanitizeOptionsSchema","Tue Oct 14 14:01:22 UTC 2025","passed","Tue Oct 14 14:01:22 UTC 2025","","","",""
"","3","handles undefined content","WYSIWYG Render Component","Tue Oct 14 14:01:31 UTC 2025","passed","Tue Oct 14 14:01:31 UTC 2025","","","",""
"","1","should set up virtual imports correctly for Astro flavor without script injection","studiocmsMD","Tue Oct 14 14:00:55 UTC 2025","passed","Tue Oct 14 14:00:55 UTC 2025","","plugin hooks","",""
"","3","should successfully import and handle cleanup","Config Loader Utils","Tue Oct 14 14:01:01 UTC 2025","passed","Tue Oct 14 14:01:01 UTC 2025","","importBundledFile","",""
"","3","renders markdown using StudioCMS processor for unknown flavor","preRender","Tue Oct 14 14:01:24 UTC 2025","passed","Tue Oct 14 14:01:24 UTC 2025","","","",""
"","11","createRenderer is properly initialized","WYSIWYG Partial Route","Tue Oct 14 14:01:30 UTC 2025","passed","Tue Oct 14 14:01:30 UTC 2025","","","",""
"","0","extracts language from URL pathname","i18n/server","Tue Oct 14 14:01:24 UTC 2025","passed","Tue Oct 14 14:01:24 UTC 2025","","getLangFromUrl","",""
"","3","Editor with multiline content","Editor component","Tue Oct 14 14:01:06 UTC 2025","passed","Tue Oct 14 14:01:06 UTC 2025","","","",""
"","2","SiteConfigMapID should be ""__StudioCMS_Site_Config""","StudioCMS SDK Constants","Tue Oct 14 14:01:41 UTC 2025","passed","Tue Oct 14 14:01:41 UTC 2025","","","",""
"","1","should log initialization message","Cloudinary Image Service Plugin","Tue Oct 14 14:00:56 UTC 2025","passed","Tue Oct 14 14:00:56 UTC 2025","studiocms:config:setup hook","plugin hooks","",""
"","1","should have studiocms:config:setup hook","studiocmsMD","Tue Oct 14 14:00:55 UTC 2025","passed","Tue Oct 14 14:00:55 UTC 2025","","plugin hooks","",""
"","0","convertToSafeString handles only special characters","utils/safeString","Tue Oct 14 14:01:40 UTC 2025","passed","Tue Oct 14 14:01:40 UTC 2025","","","",""
"","3","Renderer handles nested Markdoc tags","MarkDoc Renderer component","Tue Oct 14 14:01:03 UTC 2025","passed","Tue Oct 14 14:01:03 UTC 2025","","Edge cases","",""
"","0","isFaviconExt should return false for invalid extensions","FrontEndConfigSchema","Tue Oct 14 14:01:29 UTC 2025","passed","Tue Oct 14 14:01:29 UTC 2025","","","",""
"","0","generates valid robots.txt content","generateContent","Tue Oct 14 14:01:03 UTC 2025","passed","Tue Oct 14 14:01:03 UTC 2025","","","",""
"","2","renderMarkDoc throws error when no renderer type is specified","MarkDoc Render Library","Tue Oct 14 14:00:58 UTC 2025","passed","Tue Oct 14 14:00:58 UTC 2025","","","",""
"","4","should create window element with correct properties","app-utils","Tue Oct 14 14:01:06 UTC 2025","passed","Tue Oct 14 14:01:06 UTC 2025","","createWindowElement","",""
"","1","renders with complex React element","ReactWrapper.astro","Tue Oct 14 14:01:03 UTC 2025","passed","Tue Oct 14 14:01:03 UTC 2025","","","",""
"","1","throws if session.cookieName is missing or empty","Config Helper","Tue Oct 14 14:01:04 UTC 2025","passed","Tue Oct 14 14:01:04 UTC 2025","","makePasswordModConfig","",""
"","1","returns a non-negative number for a synchronous callback","measureExecutionTime","Tue Oct 14 14:01:33 UTC 2025","passed","Tue Oct 14 14:01:33 UTC 2025","","","",""
"","0","returns string for valid code points","fromCodePoint","Tue Oct 14 14:01:22 UTC 2025","passed","Tue Oct 14 14:01:22 UTC 2025","","","",""
"","1","should create new object when globalThis is empty","shared module","Tue Oct 14 14:01:18 UTC 2025","passed","Tue Oct 14 14:01:18 UTC 2025","","shared object","",""
"","0","returns false if pathname matches excludePaths even if included","Middleware Utils","Tue Oct 14 14:01:18 UTC 2025","passed","Tue Oct 14 14:01:18 UTC 2025","","handlerFilter","",""
"","0","should return true for current date in all checks","checkDate","Tue Oct 14 14:01:32 UTC 2025","passed","Tue Oct 14 14:01:32 UTC 2025","","","",""
"","1","should throw on invalid metric type","WebVitalsMetricTypeSchema","Tue Oct 14 14:01:21 UTC 2025","passed","Tue Oct 14 14:01:21 UTC 2025","","","",""
"","1","should reject non-object locale","StudioCMSOptionsSchema","Tue Oct 14 14:01:27 UTC 2025","passed","Tue Oct 14 14:01:27 UTC 2025","","","",""
"","1","should define required environment variables","@studiocms/github","Tue Oct 14 14:01:08 UTC 2025","passed","Tue Oct 14 14:01:08 UTC 2025","","hooks","",""
"","1","should return an AstroIntegration object with correct name","dynamicSitemap","Tue Oct 14 14:01:41 UTC 2025","passed","Tue Oct 14 14:01:41 UTC 2025","","","",""
"","18","should work in a complete application flow","Scrypt Module","Tue Oct 14 14:01:01 UTC 2025","passed","Tue Oct 14 14:01:01 UTC 2025","","Integration tests","",""
"","1","should have the correct hooks defined","@studiocms/github","Tue Oct 14 14:01:08 UTC 2025","passed","Tue Oct 14 14:01:08 UTC 2025","","hooks","",""
"","7","parseAPIContextJson: should fail if JSON parsing fails","API Context Utils","Tue Oct 14 14:01:13 UTC 2025","passed","Tue Oct 14 14:01:13 UTC 2025","","","",""
"","0","returns site defaultOgImage if hero is whitespace","heroHelper tests","Tue Oct 14 14:01:20 UTC 2025","passed","Tue Oct 14 14:01:20 UTC 2025","getHeroImage","trimInput","",""
"","0","should inherit from AstroError","ComponentProxyError","Tue Oct 14 14:01:24 UTC 2025","passed","Tue Oct 14 14:01:24 UTC 2025","","","",""
"","2","render component no props","Components Container tests","Tue Oct 14 14:01:12 UTC 2025","passed","Tue Oct 14 14:01:12 UTC 2025","StaticAuthCheck component","Auth components","",""
"","1","should throw error when JSON is invalid","readJson","Tue Oct 14 14:01:25 UTC 2025","passed","Tue Oct 14 14:01:25 UTC 2025","","","",""
"","4","Renderer with undefined defaultContent","MarkDoc Renderer component","Tue Oct 14 14:01:03 UTC 2025","passed","Tue Oct 14 14:01:03 UTC 2025","","","",""
"","2","should render simple variables","TemplateRenderer","Tue Oct 14 14:01:21 UTC 2025","passed","Tue Oct 14 14:01:21 UTC 2025","","Basic rendering","",""
"","0","non-dashboard route with path","urlGenFactory","Tue Oct 14 14:01:33 UTC 2025","passed","Tue Oct 14 14:01:33 UTC 2025","","","",""
"","3","returns micromatch.isMatch result for string pattern","Middleware Utils","Tue Oct 14 14:01:17 UTC 2025","passed","Tue Oct 14 14:01:18 UTC 2025","","matchFilterCheck","",""
"","0","should have correct minimum version requirement","@studiocms/google","Tue Oct 14 14:01:08 UTC 2025","passed","Tue Oct 14 14:01:08 UTC 2025","","plugin structure","",""
"","1","should contain the expected image names","validImages","Tue Oct 14 14:01:38 UTC 2025","passed","Tue Oct 14 14:01:38 UTC 2025","","","",""
"","0","should convert numbers to strings","TemplateRenderer","Tue Oct 14 14:01:21 UTC 2025","passed","Tue Oct 14 14:01:21 UTC 2025","","Data types","",""
"","1","should handle complex nested JSON structures","readJson","Tue Oct 14 14:01:25 UTC 2025","passed","Tue Oct 14 14:01:25 UTC 2025","","","",""
"","0","throws error for invalid allowAttributes type","WYSIWYG Types and Schema","Tue Oct 14 14:01:07 UTC 2025","passed","Tue Oct 14 14:01:07 UTC 2025","","WYSIWYGSchema","",""
"","1","should store resolved options in shared context on astro:config:done","studiocmsMDX","Tue Oct 14 14:00:57 UTC 2025","passed","Tue Oct 14 14:00:57 UTC 2025","","plugin hooks","",""
"","1","should validate complete settings data","WordPress API Schema","Tue Oct 14 14:00:59 UTC 2025","passed","Tue Oct 14 14:00:59 UTC 2025","","SiteSettings","",""
"","2","should map oAuthButtons to providerData correctly","oAuthButtonProviders","Tue Oct 14 14:01:47 UTC 2025","passed","Tue Oct 14 14:01:47 UTC 2025","","","",""
"","0","should validate final dashboard base schema","FinalDashboardBaseSchema","Tue Oct 14 14:01:06 UTC 2025","passed","Tue Oct 14 14:01:06 UTC 2025","","","",""
"","3","Editor with undefined content","Editor component","Tue Oct 14 14:01:06 UTC 2025","passed","Tue Oct 14 14:01:06 UTC 2025","","","",""
"","27","parses package name and versions","loadChangelog","Tue Oct 14 14:01:20 UTC 2025","passed","Tue Oct 14 14:01:20 UTC 2025","","","",""
"","2","should reject invalid type for libSQLViewer","schema","Tue Oct 14 14:01:17 UTC 2025","passed","Tue Oct 14 14:01:17 UTC 2025","","AppsConfigSchema","",""
"","1","returns empty string for empty input","parseMarkdown","Tue Oct 14 14:01:41 UTC 2025","passed","Tue Oct 14 14:01:41 UTC 2025","","","",""
"","0","handles empty slug","getBlogRoute","Tue Oct 14 14:01:23 UTC 2025","passed","Tue Oct 14 14:01:23 UTC 2025","","","",""
"","1492","should verify transport successfully with valid configuration","SMTP Service","Tue Oct 14 14:00:58 UTC 2025","passed","Tue Oct 14 14:00:59 UTC 2025","","Transport verification","",""
"","2","should include all required Discord environment variables","@studiocms/discord","Tue Oct 14 14:01:08 UTC 2025","passed","Tue Oct 14 14:01:08 UTC 2025","","OAuth provider configuration","",""
"","6","should parse empty config and apply defaults","StudioCMSOptionsSchema","Tue Oct 14 14:01:27 UTC 2025","passed","Tue Oct 14 14:01:27 UTC 2025","","","",""
"","0","returns isValid=false for wrong algorithm","generateJwt & verifyJwt","Tue Oct 14 14:01:17 UTC 2025","passed","Tue Oct 14 14:01:17 UTC 2025","","","",""
"","17","createUserAvatar returns a valid Libravatar URL","User Module","Tue Oct 14 14:01:02 UTC 2025","passed","Tue Oct 14 14:01:02 UTC 2025","","","",""
"","2","getUserFromEmail returns undefined for invalid email","User Module","Tue Oct 14 14:01:03 UTC 2025","passed","Tue Oct 14 14:01:03 UTC 2025","","","",""
"","0","returns yellow for <=0.25","webVitalsUtils","Tue Oct 14 14:01:00 UTC 2025","passed","Tue Oct 14 14:01:00 UTC 2025","","progressBarClsTrackColor","",""
"","2","returns defaultValue if paths is undefined","Middleware Utils","Tue Oct 14 14:01:17 UTC 2025","passed","Tue Oct 14 14:01:17 UTC 2025","","matchFilterCheck","",""
"","21","Editor with props","MDX Editor component","Tue Oct 14 14:01:16 UTC 2025","passed","Tue Oct 14 14:01:16 UTC 2025","","","",""
"","0","returns NaN if no LCP values","webVitalsUtils","Tue Oct 14 14:01:00 UTC 2025","passed","Tue Oct 14 14:01:00 UTC 2025","","lcpDataAverage","",""
"","1","sorts summaries by score ascending","processWebVitalsRouteSummary","Tue Oct 14 14:01:17 UTC 2025","passed","Tue Oct 14 14:01:17 UTC 2025","","","",""
"","3","Renderer with props 1","Renderer component","Tue Oct 14 14:01:42 UTC 2025","passed","Tue Oct 14 14:01:42 UTC 2025","","","",""
"","3","fails on array with non-number","SDKCore_Parsers","Tue Oct 14 14:01:16 UTC 2025","passed","Tue Oct 14 14:01:16 UTC 2025","","parseIdNumberArray","",""
"","0","makeLayer returns a Layer","CacheContext","Tue Oct 14 14:01:05 UTC 2025","passed","Tue Oct 14 14:01:05 UTC 2025","","","",""
"","1","should reject invalid endpoint type","schema","Tue Oct 14 14:01:17 UTC 2025","passed","Tue Oct 14 14:01:17 UTC 2025","","StudioCMSDevAppsSchema","",""
"","0","returns green for <=2.5s","webVitalsUtils","Tue Oct 14 14:01:00 UTC 2025","passed","Tue Oct 14 14:01:00 UTC 2025","","lcpTextColor","",""
"","0","handles null dates as epoch","sortByDate","Tue Oct 14 14:01:34 UTC 2025","passed","Tue Oct 14 14:01:34 UTC 2025","","","",""
"","0","should have correct minimum version requirement","@studiocms/github","Tue Oct 14 14:01:08 UTC 2025","passed","Tue Oct 14 14:01:08 UTC 2025","","plugin structure","",""
"","0","stripLeadingSlash removes leading slash","pathGenerators","Tue Oct 14 14:01:23 UTC 2025","passed","Tue Oct 14 14:01:23 UTC 2025","","","",""
"","5","shows error toast if response is not ok","formListener","Tue Oct 14 14:01:48 UTC 2025","passed","Tue Oct 14 14:01:48 UTC 2025","","","",""
"","0","handles missing StudioCMS config safely","heroHelper tests","Tue Oct 14 14:01:20 UTC 2025","passed","Tue Oct 14 14:01:20 UTC 2025","getHeroImage","trimInput","",""
"","0","returns false for a future date","withinLast30Days","Tue Oct 14 14:01:34 UTC 2025","passed","Tue Oct 14 14:01:34 UTC 2025","","","",""
"","1","hasTag detects existing title and meta","headConfigSchema","Tue Oct 14 14:01:14 UTC 2025","passed","Tue Oct 14 14:01:14 UTC 2025","","","",""
"","3","should fail with ScryptError for invalid scrypt options","Scrypt Module","Tue Oct 14 14:01:01 UTC 2025","passed","Tue Oct 14 14:01:01 UTC 2025","","Scrypt Service","",""
"","3","renders children correctly","MarkDocReactRenderer","Tue Oct 14 14:01:26 UTC 2025","passed","Tue Oct 14 14:01:26 UTC 2025","","","",""
"","0","returns ""Editor"" for ""editor""","getLabelForPermissionLevel","Tue Oct 14 14:01:43 UTC 2025","passed","Tue Oct 14 14:01:43 UTC 2025","","","",""
"","0","should prefix the message of a standard Error","prefixError","Tue Oct 14 14:01:24 UTC 2025","passed","Tue Oct 14 14:01:24 UTC 2025","","","",""
"","0","returns false when opt is false","preRender","Tue Oct 14 14:01:24 UTC 2025","passed","Tue Oct 14 14:01:24 UTC 2025","","parseCallouts","",""
"","1","should handle promise that resolves with different data types","tryCatch","Tue Oct 14 14:01:01 UTC 2025","passed","Tue Oct 14 14:01:01 UTC 2025","","with direct promise values","",""
"","0","should export OAuth cookie names","consts.ts","Tue Oct 14 14:01:07 UTC 2025","passed","Tue Oct 14 14:01:07 UTC 2025","","","",""
"","2","should have the correct hooks defined","studiocms/blog","Tue Oct 14 14:01:26 UTC 2025","passed","Tue Oct 14 14:01:26 UTC 2025","","hooks","",""
"","1","makeExpirationDate returns a Date in the future","Session Utils","Tue Oct 14 14:01:35 UTC 2025","passed","Tue Oct 14 14:01:35 UTC 2025","","","",""
"","3","renders complex HTML content","WYSIWYG Render Component","Tue Oct 14 14:01:31 UTC 2025","passed","Tue Oct 14 14:01:31 UTC 2025","","","",""
"","0","returns mapped value for C1 controls","decode-codepoint","Tue Oct 14 14:01:32 UTC 2025","passed","Tue Oct 14 14:01:32 UTC 2025","","replaceCodePoint","",""
"","0","should export the same function as named export","studiocmsHTML","Tue Oct 14 14:01:07 UTC 2025","passed","Tue Oct 14 14:01:07 UTC 2025","","default export","",""
"","4","handles POST requests","WYSIWYG Store Route","Tue Oct 14 14:01:00 UTC 2025","passed","Tue Oct 14 14:01:00 UTC 2025","","","",""
"","0","should have studiocms:config:setup hook","studiocmsMDX","Tue Oct 14 14:00:57 UTC 2025","passed","Tue Oct 14 14:00:57 UTC 2025","","plugin hooks","",""
"","0","should export CDN URL and favicon assets","consts.ts","Tue Oct 14 14:01:07 UTC 2025","passed","Tue Oct 14 14:01:07 UTC 2025","","","",""
"","0","should aggregate page views for last30DaysData","buildPageRouteDataObject","Tue Oct 14 14:01:24 UTC 2025","passed","Tue Oct 14 14:01:24 UTC 2025","","","",""
"","1","should throw AstroError if cookies object is malformed","getCookie","Tue Oct 14 14:01:29 UTC 2025","passed","Tue Oct 14 14:01:29 UTC 2025","","","",""
"","79","createLocalUser returns a user object","User Module","Tue Oct 14 14:01:02 UTC 2025","passed","Tue Oct 14 14:01:03 UTC 2025","","","",""
"","1","should aggregate last30DaysData correctly","buildPerPageRouteDataObject","Tue Oct 14 14:01:11 UTC 2025","passed","Tue Oct 14 14:01:11 UTC 2025","","","",""
"","0","appendSearchParamsToUrl (curried) appends param","Effect Utilities","Tue Oct 14 14:01:39 UTC 2025","passed","Tue Oct 14 14:01:39 UTC 2025","","","",""
"","0","dashboard route with path","urlGenFactory","Tue Oct 14 14:01:33 UTC 2025","passed","Tue Oct 14 14:01:33 UTC 2025","","","",""
"","48","should handle Uint8Array input","Scrypt Module","Tue Oct 14 14:01:01 UTC 2025","passed","Tue Oct 14 14:01:01 UTC 2025","","Scrypt Service","",""
"","0","should not have other hooks","@studiocms/google","Tue Oct 14 14:01:08 UTC 2025","passed","Tue Oct 14 14:01:08 UTC 2025","","hook implementation","",""
"","1","plugin sets up virtual imports","StudioCMS MarkDoc Plugin","Tue Oct 14 14:01:06 UTC 2025","passed","Tue Oct 14 14:01:06 UTC 2025","","","",""
"","1","should reject invalid logLevel","StudioCMSOptionsSchema","Tue Oct 14 14:01:27 UTC 2025","passed","Tue Oct 14 14:01:27 UTC 2025","","","",""
"","4","Renderer with Markdoc tags and syntax","MarkDoc Renderer component","Tue Oct 14 14:01:03 UTC 2025","passed","Tue Oct 14 14:01:03 UTC 2025","","","",""
"","8","should validate with optional props missing","ComponentRegistry","Tue Oct 14 14:00:57 UTC 2025","passed","Tue Oct 14 14:00:57 UTC 2025","","validateProps","",""
"","2","should accept valid favicon extensions","FrontEndConfigSchema","Tue Oct 14 14:01:29 UTC 2025","passed","Tue Oct 14 14:01:29 UTC 2025","","","",""
"","5","should wrap generator function with logging","genLogger","Tue Oct 14 14:01:19 UTC 2025","passed","Tue Oct 14 14:01:19 UTC 2025","","","",""
"","0","should handle malformed HTML gracefully","transformHTML","Tue Oct 14 14:01:06 UTC 2025","passed","Tue Oct 14 14:01:06 UTC 2025","","","",""
"","0","should set defaultLang to ""en""","i18n/config","Tue Oct 14 14:01:39 UTC 2025","passed","Tue Oct 14 14:01:39 UTC 2025","","","",""
"","0","returns red for >200","webVitalsUtils","Tue Oct 14 14:01:00 UTC 2025","passed","Tue Oct 14 14:01:00 UTC 2025","","progressBarInpColor","",""
"","1","throws on invalid configFile","Zod Utils","Tue Oct 14 14:01:19 UTC 2025","passed","Tue Oct 14 14:01:19 UTC 2025","","parseAndMerge","",""
"","1","should configure Discord OAuth provider in studiocms config hook","@studiocms/discord","Tue Oct 14 14:01:08 UTC 2025","passed","Tue Oct 14 14:01:08 UTC 2025","","hooks","",""
"","0","should not have astro config hook","@studiocms/google","Tue Oct 14 14:01:08 UTC 2025","passed","Tue Oct 14 14:01:08 UTC 2025","","hooks","",""
"","0","handles concurrent requests","WYSIWYG Store Route","Tue Oct 14 14:01:00 UTC 2025","passed","Tue Oct 14 14:01:00 UTC 2025","","","",""
"","0","should handle strict sanitization","transformHTML","Tue Oct 14 14:01:06 UTC 2025","passed","Tue Oct 14 14:01:06 UTC 2025","","sanitization with custom options","",""
"","1","does not log info/debug when verbose is false","integrationLogger","Tue Oct 14 14:01:01 UTC 2025","passed","Tue Oct 14 14:01:01 UTC 2025","","","",""
"","1","should handle app-toggled event with state true","app-utils","Tue Oct 14 14:01:06 UTC 2025","passed","Tue Oct 14 14:01:06 UTC 2025","","closeOnOutsideClick","",""
"","0","calculates average and rounds to two decimals","webVitalsUtils","Tue Oct 14 14:01:00 UTC 2025","passed","Tue Oct 14 14:01:00 UTC 2025","","calculateClsAverage","",""
"","0","returns correct string for astral code points","decode-codepoint","Tue Oct 14 14:01:32 UTC 2025","passed","Tue Oct 14 14:01:32 UTC 2025","","fromCodePoint","",""
"","3","calls fetch with correct arguments and shows success toast on register","formListener","Tue Oct 14 14:01:48 UTC 2025","passed","Tue Oct 14 14:01:48 UTC 2025","","","",""
"","5","should throw ComponentNotFoundError for unregistered component","ComponentRegistry","Tue Oct 14 14:00:57 UTC 2025","passed","Tue Oct 14 14:00:57 UTC 2025","","validateProps","",""
"","1","StudioCMSRoutes.authLinks contains expected keys and functions","routeMap","Tue Oct 14 14:01:07 UTC 2025","passed","Tue Oct 14 14:01:07 UTC 2025","","","",""
"","3","Editor with MDX content including JSX","MDX Editor component","Tue Oct 14 14:01:16 UTC 2025","passed","Tue Oct 14 14:01:16 UTC 2025","","","",""
"","1","should export default function","@studiocms/github","Tue Oct 14 14:01:08 UTC 2025","passed","Tue Oct 14 14:01:08 UTC 2025","","plugin creation","",""
"","1","returns fractional kilobytes for non-exact sizes","getFileSizeInKilobytes","Tue Oct 14 14:01:33 UTC 2025","passed","Tue Oct 14 14:01:33 UTC 2025","","","",""
"","0","handles multiple metric names independently","processWebVitalsSummary","Tue Oct 14 14:01:19 UTC 2025","passed","Tue Oct 14 14:01:19 UTC 2025","","","",""
"","1","should apply CORS headers if configured","Api-Route Tests","Tue Oct 14 14:01:00 UTC 2025","passed","Tue Oct 14 14:01:00 UTC 2025","","withEffectAPI tests","",""
"","0","should work with dedent on indented code with hyphens","String Utilities","Tue Oct 14 14:01:01 UTC 2025","passed","Tue Oct 14 14:01:01 UTC 2025","","integration tests","",""
"","3","plugin creation with default options","StudioCMS MarkDoc Plugin","Tue Oct 14 14:01:06 UTC 2025","passed","Tue Oct 14 14:01:06 UTC 2025","","","",""
"","1","should log warn messages","S48Logger","Tue Oct 14 14:01:19 UTC 2025","passed","Tue Oct 14 14:01:19 UTC 2025","","","",""
"","1","should return enabled notification options from FormData","getEnabledNotificationCheckboxes","Tue Oct 14 14:01:32 UTC 2025","passed","Tue Oct 14 14:01:32 UTC 2025","","","",""
"","0","should render deep nested properties","TemplateRenderer","Tue Oct 14 14:01:21 UTC 2025","passed","Tue Oct 14 14:01:21 UTC 2025","","Basic rendering","",""
"","0","handles mixed case strings","Utils","Tue Oct 14 14:01:16 UTC 2025","passed","Tue Oct 14 14:01:16 UTC 2025","","firstUpperCase","",""
"","0","should return false for a date older than 7 days","checkDate","Tue Oct 14 14:01:32 UTC 2025","passed","Tue Oct 14 14:01:32 UTC 2025","","","",""
"","6","should default to { demoMode: false } when undefined","developerConfigSchema","Tue Oct 14 14:01:38 UTC 2025","passed","Tue Oct 14 14:01:38 UTC 2025","","","",""
"","1","should validate Astro flavor schema correctly","studiocmsMD","Tue Oct 14 14:00:55 UTC 2025","passed","Tue Oct 14 14:00:55 UTC 2025","","schema validation","",""
"","0","returns empty string for host true/false","generateHostContent","Tue Oct 14 14:01:03 UTC 2025","passed","Tue Oct 14 14:01:03 UTC 2025","","","",""
"","1","returns the plugin options","definePlugin","Tue Oct 14 14:01:22 UTC 2025","passed","Tue Oct 14 14:01:22 UTC 2025","","","",""
"","0","should return StudioCMSOptions type","defineStudioCMSConfig","Tue Oct 14 14:01:42 UTC 2025","passed","Tue Oct 14 14:01:42 UTC 2025","","","",""
"","0","should have correct plugin identifier","@studiocms/google","Tue Oct 14 14:01:08 UTC 2025","passed","Tue Oct 14 14:01:08 UTC 2025","","plugin structure","",""
"","5","updates page header title","pageHeaderUpdater","Tue Oct 14 14:01:48 UTC 2025","passed","Tue Oct 14 14:01:48 UTC 2025","","","",""
"","2","should handle React rendering edge cases","renderMDX","Tue Oct 14 14:00:55 UTC 2025","passed","Tue Oct 14 14:00:55 UTC 2025","","Edge cases","",""
"","1","should allow overriding locale settings","StudioCMSOptionsSchema","Tue Oct 14 14:01:27 UTC 2025","passed","Tue Oct 14 14:01:27 UTC 2025","","","",""
"","1393","should handle send mail errors gracefully","SMTP Service","Tue Oct 14 14:01:02 UTC 2025","passed","Tue Oct 14 14:01:03 UTC 2025","","Mail sending","",""
"","5","renders GFM tables","parseMarkdown","Tue Oct 14 14:01:41 UTC 2025","passed","Tue Oct 14 14:01:41 UTC 2025","","","",""
"","0","should default allowedOrigins to *","response-helpers","Tue Oct 14 14:01:12 UTC 2025","passed","Tue Oct 14 14:01:12 UTC 2025","","AllResponse","",""
"","3","should handle plugin with minimal configuration","studiocmsMDX","Tue Oct 14 14:00:57 UTC 2025","passed","Tue Oct 14 14:00:57 UTC 2025","","Edge cases","",""
"","4","getUserPasswordHash returns the user password","User Module","Tue Oct 14 14:01:03 UTC 2025","passed","Tue Oct 14 14:01:03 UTC 2025","","","",""
"","2","should create plugin with correct configuration","Cloudinary Image Service Plugin","Tue Oct 14 14:00:56 UTC 2025","passed","Tue Oct 14 14:00:56 UTC 2025","","cloudinaryImageService","",""
"","1","makeDashboardRoute should sanitize route","consts.ts","Tue Oct 14 14:01:07 UTC 2025","passed","Tue Oct 14 14:01:07 UTC 2025","","","",""
"","2","should export correct config IDs","consts.ts","Tue Oct 14 14:01:07 UTC 2025","passed","Tue Oct 14 14:01:07 UTC 2025","","","",""
"","0","returns red for >0.5","webVitalsUtils","Tue Oct 14 14:01:00 UTC 2025","passed","Tue Oct 14 14:01:00 UTC 2025","","clsTextColor","",""
"","1","validateSessionToken returns null session for invalid token","Session Module","Tue Oct 14 14:01:12 UTC 2025","passed","Tue Oct 14 14:01:12 UTC 2025","","","",""
"","1","renders with React fragment","ReactWrapper.astro","Tue Oct 14 14:01:03 UTC 2025","passed","Tue Oct 14 14:01:03 UTC 2025","","","",""
"","1","should reject non-boolean autoLinkHeadings","studiocmsMD","Tue Oct 14 14:00:55 UTC 2025","passed","Tue Oct 14 14:00:55 UTC 2025","","schema validation","",""
"","0","should create CategoryOrTagConfig with number array","WordPress API Configs","Tue Oct 14 14:00:58 UTC 2025","passed","Tue Oct 14 14:00:58 UTC 2025","","CategoryOrTagConfig","",""
"","2","should return original src when CMS_CLOUDINARY_CLOUDNAME is empty string","cloudinaryImageService","Tue Oct 14 14:01:03 UTC 2025","passed","Tue Oct 14 14:01:03 UTC 2025","","error handling","",""
"","0","should create ImportEndpointConfig","WordPress API Configs","Tue Oct 14 14:00:58 UTC 2025","passed","Tue Oct 14 14:00:58 UTC 2025","","ImportEndpointConfig","",""
"","0","should have no required dependencies","@studiocms/discord","Tue Oct 14 14:01:08 UTC 2025","passed","Tue Oct 14 14:01:08 UTC 2025","","plugin structure","",""
"","1","plugin hooks are defined","StudioCMS MarkDoc Plugin","Tue Oct 14 14:01:06 UTC 2025","passed","Tue Oct 14 14:01:06 UTC 2025","","","",""
"","3","should create StringConfig with correct structure","WordPress API Configs","Tue Oct 14 14:00:58 UTC 2025","passed","Tue Oct 14 14:00:58 UTC 2025","","StringConfig","",""
"","0","should handle thrown objects","tryCatch","Tue Oct 14 14:01:01 UTC 2025","passed","Tue Oct 14 14:01:01 UTC 2025","","error handling and types","",""
"","1","should include all required Google environment variables","@studiocms/google","Tue Oct 14 14:01:08 UTC 2025","passed","Tue Oct 14 14:01:08 UTC 2025","","OAuth provider configuration","",""
"","0","filters final metrics correctly (rating_end or quartile*25==75)","processWebVitalsSummary","Tue Oct 14 14:01:19 UTC 2025","passed","Tue Oct 14 14:01:19 UTC 2025","","","",""
"","3","Renderer with complex Markdoc content including tags and variables","MarkDoc Renderer component","Tue Oct 14 14:01:03 UTC 2025","passed","Tue Oct 14 14:01:03 UTC 2025","","","",""
"","2","returns correct kilobyte size for a file","getFileSizeInKilobytes","Tue Oct 14 14:01:33 UTC 2025","passed","Tue Oct 14 14:01:33 UTC 2025","","","",""
"","0","correctly replaces slug with special characters","getBlogRoute","Tue Oct 14 14:01:23 UTC 2025","passed","Tue Oct 14 14:01:23 UTC 2025","","","",""
"","1","should export current REST API versions","consts.ts","Tue Oct 14 14:01:07 UTC 2025","passed","Tue Oct 14 14:01:07 UTC 2025","","","",""
"","1","CheckIfUnsafe.password returns false for a non-common password","CheckIfUnsafe Utils","Tue Oct 14 14:01:36 UTC 2025","passed","Tue Oct 14 14:01:36 UTC 2025","","","",""
"","4","throws if no entry points found","buildkit CLI","Tue Oct 14 14:01:19 UTC 2025","passed","Tue Oct 14 14:01:19 UTC 2025","","","",""
"","0","should preserve stack and cause if possible","prefixError","Tue Oct 14 14:01:24 UTC 2025","passed","Tue Oct 14 14:01:24 UTC 2025","","","",""
"","0","should include query parameters for formatting","FALLBACK_OG_IMAGE","Tue Oct 14 14:01:46 UTC 2025","passed","Tue Oct 14 14:01:46 UTC 2025","","","",""
"","0","generates correct XML for empty entries","template","Tue Oct 14 14:01:25 UTC 2025","passed","Tue Oct 14 14:01:25 UTC 2025","","","",""
"","1","should validate complete post data","WordPress API Schema","Tue Oct 14 14:00:59 UTC 2025","passed","Tue Oct 14 14:00:59 UTC 2025","","Post","",""
"","0","should include Auth0 SVG logo","@studiocms/auth0","Tue Oct 14 14:01:07 UTC 2025","passed","Tue Oct 14 14:01:07 UTC 2025","","hooks","",""
"","1","generates paths for English, omitting defaultLang prefix when showDefaultLang is false","i18n/server","Tue Oct 14 14:01:24 UTC 2025","passed","Tue Oct 14 14:01:24 UTC 2025","","staticPaths","",""
"","1","parseAPIContextJson: should parse and decode JSON with schema","API Context Utils","Tue Oct 14 14:01:13 UTC 2025","passed","Tue Oct 14 14:01:13 UTC 2025","","","",""
"","0","should include instructions for password reset and ignoring if not requested","passwordReset template","Tue Oct 14 14:01:38 UTC 2025","passed","Tue Oct 14 14:01:38 UTC 2025","","","",""
"","14","processes a metric group with 4+ items and computes histogram, percentiles, sampleSize","processWebVitalsSummary","Tue Oct 14 14:01:19 UTC 2025","passed","Tue Oct 14 14:01:19 UTC 2025","","","",""
"","1","should aggregate last24HoursData correctly","buildPerPageRouteDataObject","Tue Oct 14 14:01:11 UTC 2025","passed","Tue Oct 14 14:01:11 UTC 2025","","","",""
"","4","should handle empty plugin arrays","renderMDX","Tue Oct 14 14:00:55 UTC 2025","passed","Tue Oct 14 14:00:55 UTC 2025","","Edge cases","",""
"","0","should throw on invalid core metric","CoreWebVitalsMetricTypeSchema","Tue Oct 14 14:01:21 UTC 2025","passed","Tue Oct 14 14:01:21 UTC 2025","","","",""
"","0","should validate double sidebar page","DashboardPageSchema","Tue Oct 14 14:01:06 UTC 2025","passed","Tue Oct 14 14:01:06 UTC 2025","","","",""
"","0","plugin handles undefined options","StudioCMS MarkDoc Plugin","Tue Oct 14 14:01:06 UTC 2025","passed","Tue Oct 14 14:01:06 UTC 2025","","","",""
"","0","should return path unchanged if no trailing slash","pathGenerator utilities","Tue Oct 14 14:01:21 UTC 2025","passed","Tue Oct 14 14:01:21 UTC 2025","","stripTrailingSlash","",""
"","24","returns error for unknown key","setLocals","Tue Oct 14 14:01:14 UTC 2025","passed","Tue Oct 14 14:01:14 UTC 2025","","","",""
"","0","returns trimmed string if non-empty after trim","heroHelper tests","Tue Oct 14 14:01:20 UTC 2025","passed","Tue Oct 14 14:01:20 UTC 2025","","trimInput","",""
"","1","plugin sets up rendering configuration","StudioCMS WYSIWYG Plugin","Tue Oct 14 14:01:15 UTC 2025","passed","Tue Oct 14 14:01:15 UTC 2025","","","",""
"","0","renderMarkDoc handles malformed content gracefully","MarkDoc Render Library","Tue Oct 14 14:00:58 UTC 2025","passed","Tue Oct 14 14:00:58 UTC 2025","","","",""
"","2","should reject invalid types","dashboardConfigSchema","Tue Oct 14 14:01:31 UTC 2025","passed","Tue Oct 14 14:01:31 UTC 2025","","","",""
"","0","should be an instance of Uint16Array","htmlDecodeTree","Tue Oct 14 14:01:44 UTC 2025","passed","Tue Oct 14 14:01:44 UTC 2025","","","",""
"","0","should validate available dashboard pages","AvailableDashboardPagesSchema","Tue Oct 14 14:01:06 UTC 2025","passed","Tue Oct 14 14:01:06 UTC 2025","","","",""
"","0","throws for host as number","generateHostContent","Tue Oct 14 14:01:03 UTC 2025","passed","Tue Oct 14 14:01:03 UTC 2025","","","",""
"","0","should return the userInvite template","getTemplate","Tue Oct 14 14:01:46 UTC 2025","passed","Tue Oct 14 14:01:46 UTC 2025","","","",""
"","30","Renderer with valid content","MDX Renderer component","Tue Oct 14 14:01:11 UTC 2025","passed","Tue Oct 14 14:01:11 UTC 2025","","","",""
"","1","_clearLibSQLError returns Effect.fail with SDKCoreError","error helpers","Tue Oct 14 14:01:05 UTC 2025","passed","Tue Oct 14 14:01:05 UTC 2025","","","",""
"","1","should aggregate last7DaysData correctly","buildPerPageRouteDataObject","Tue Oct 14 14:01:11 UTC 2025","passed","Tue Oct 14 14:01:11 UTC 2025","","","",""
"","0","should generate SDK API route","sdkRouteResolver","Tue Oct 14 14:01:34 UTC 2025","passed","Tue Oct 14 14:01:34 UTC 2025","","","",""
"","1","handles multiple requests consistently","WYSIWYG Grapes CSS Route","Tue Oct 14 14:01:38 UTC 2025","passed","Tue Oct 14 14:01:38 UTC 2025","","","",""
"","3","should create a live layer with configuration","SMTP Service","Tue Oct 14 14:00:58 UTC 2025","passed","Tue Oct 14 14:00:58 UTC 2025","","SMTPTransportConfig","",""
"","3","plugin exports default function","StudioCMS MarkDoc Plugin","Tue Oct 14 14:01:06 UTC 2025","passed","Tue Oct 14 14:01:06 UTC 2025","","","",""
"","0","returns green for <=0.25","webVitalsUtils","Tue Oct 14 14:01:00 UTC 2025","passed","Tue Oct 14 14:01:00 UTC 2025","","progressBarClsColor","",""
"","1","should handle multiple component swaps","transformHTML","Tue Oct 14 14:01:06 UTC 2025","passed","Tue Oct 14 14:01:06 UTC 2025","","","",""
"","0","should format warn prefix in yellow","getEventPrefix","Tue Oct 14 14:01:19 UTC 2025","passed","Tue Oct 14 14:01:19 UTC 2025","","","",""
"","2","returns translation for given key and language","i18n/server","Tue Oct 14 14:01:24 UTC 2025","passed","Tue Oct 14 14:01:24 UTC 2025","","useTranslations","",""
"","1","renders complex nested children","MarkDocReactRenderer","Tue Oct 14 14:01:26 UTC 2025","passed","Tue Oct 14 14:01:26 UTC 2025","","","",""
"","0","handles boolean true","SDKSchema","Tue Oct 14 14:01:16 UTC 2025","passed","Tue Oct 14 14:01:16 UTC 2025","","","",""
"","0","returns sitemap line for valid string","generateSitemapContent","Tue Oct 14 14:01:03 UTC 2025","passed","Tue Oct 14 14:01:03 UTC 2025","","","",""
"","0","should allow valid GridItemInput","GridItemInput","Tue Oct 14 14:01:06 UTC 2025","passed","Tue Oct 14 14:01:06 UTC 2025","","","",""
"","1","should preserve safe HTML attributes","transformHTML","Tue Oct 14 14:01:06 UTC 2025","passed","Tue Oct 14 14:01:06 UTC 2025","","","",""
"","4","should use defaults when no config is provided","FrontEndConfigSchema","Tue Oct 14 14:01:29 UTC 2025","passed","Tue Oct 14 14:01:29 UTC 2025","","","",""
"","4","Renderer handles whitespace-only content","MDX Renderer component","Tue Oct 14 14:01:11 UTC 2025","passed","Tue Oct 14 14:01:11 UTC 2025","","Edge cases","",""
"","0","should handle duplicate variables","TemplateParser","Tue Oct 14 14:01:31 UTC 2025","passed","Tue Oct 14 14:01:31 UTC 2025","","parse","",""
"","0","should set correct endpoint path","@studiocms/github","Tue Oct 14 14:01:08 UTC 2025","passed","Tue Oct 14 14:01:08 UTC 2025","","OAuth provider configuration","",""
"","1","fails on non-array input","SDKCore_Parsers","Tue Oct 14 14:01:16 UTC 2025","passed","Tue Oct 14 14:01:16 UTC 2025","","parseIdStringArray","",""
"","30","getUserPasswordHash fails if user not found","User Module","Tue Oct 14 14:01:03 UTC 2025","passed","Tue Oct 14 14:01:03 UTC 2025","","","",""
"","0","isCacheEnabled returns boolean","cacheConfig and isCacheEnabled","Tue Oct 14 14:01:05 UTC 2025","passed","Tue Oct 14 14:01:05 UTC 2025","","","",""
"","2","should include all required GitHub environment variables","@studiocms/github","Tue Oct 14 14:01:08 UTC 2025","passed","Tue Oct 14 14:01:08 UTC 2025","","OAuth provider configuration","",""
"","6","should throw ComponentNotFoundError for unregistered component","ComponentRegistry","Tue Oct 14 14:00:57 UTC 2025","passed","Tue Oct 14 14:00:57 UTC 2025","","getComponentProps","",""
"","0","decodes XML entities strictly","decodeXML","Tue Oct 14 14:01:22 UTC 2025","passed","Tue Oct 14 14:01:22 UTC 2025","","","",""
"","1","should include required styles and structure","notification template","Tue Oct 14 14:01:39 UTC 2025","passed","Tue Oct 14 14:01:39 UTC 2025","","","",""
"","1","should allow setting htmlConfig","shared module","Tue Oct 14 14:01:18 UTC 2025","passed","Tue Oct 14 14:01:18 UTC 2025","","shared object","",""
"","0","returns false for a date older than 30 days","withinLast30Days","Tue Oct 14 14:01:34 UTC 2025","passed","Tue Oct 14 14:01:34 UTC 2025","","","",""
"","27","runs build with correct esbuild options","buildkit CLI","Tue Oct 14 14:01:19 UTC 2025","passed","Tue Oct 14 14:01:20 UTC 2025","","","",""
"","0","should have a non-zero length","htmlDecodeTree","Tue Oct 14 14:01:44 UTC 2025","passed","Tue Oct 14 14:01:44 UTC 2025","","","",""
"","29","render component","Layout Container tests","Tue Oct 14 14:01:44 UTC 2025","passed","Tue Oct 14 14:01:44 UTC 2025","","FirstTimeSetupLayout Container","",""
"","4","should aggregate historical data correctly","buildPerPageRouteDataObject","Tue Oct 14 14:01:11 UTC 2025","passed","Tue Oct 14 14:01:11 UTC 2025","","","",""
"","0","should transform serverUiTranslations to clientUiTranslations","i18n/config","Tue Oct 14 14:01:39 UTC 2025","passed","Tue Oct 14 14:01:39 UTC 2025","","","",""
"","0","should work with a URL object","verifyEmail template","Tue Oct 14 14:01:41 UTC 2025","passed","Tue Oct 14 14:01:41 UTC 2025","","","",""
"","1","returns a forked logger with correct namespace","pluginLogger","Tue Oct 14 14:01:14 UTC 2025","passed","Tue Oct 14 14:01:14 UTC 2025","","","",""
"","0","should remove duplicate variable names","TemplateEngine","Tue Oct 14 14:01:18 UTC 2025","passed","Tue Oct 14 14:01:18 UTC 2025","","Variable detection","",""
"","1","convertToSafeString replaces non-alphanumeric with underscores","utils/safeString","Tue Oct 14 14:01:40 UTC 2025","passed","Tue Oct 14 14:01:40 UTC 2025","","","",""
"","0","treats null as lowest priority (sorted last)","Middleware Utils","Tue Oct 14 14:01:18 UTC 2025","passed","Tue Oct 14 14:01:18 UTC 2025","sortByPriority","handlerFilter","",""
"","0","validates minimal sanitize options","WYSIWYG Types and Schema","Tue Oct 14 14:01:07 UTC 2025","passed","Tue Oct 14 14:01:07 UTC 2025","","WYSIWYGSchema","",""
"","1","removes defaultContent and multiLangContent from single object","convertCombinedPageDataToMetaOnly","Tue Oct 14 14:01:05 UTC 2025","passed","Tue Oct 14 14:01:05 UTC 2025","","","",""
"","1","should return a valid StudioCMSPlugin object","@studiocms/github","Tue Oct 14 14:01:08 UTC 2025","passed","Tue Oct 14 14:01:08 UTC 2025","","plugin creation","",""
"","1","should return a 405 response with correct headers","response-helpers","Tue Oct 14 14:01:12 UTC 2025","passed","Tue Oct 14 14:01:12 UTC 2025","","AllResponse","",""
"","3","returns empty summary for empty input","processWebVitalsSummary","Tue Oct 14 14:01:19 UTC 2025","passed","Tue Oct 14 14:01:19 UTC 2025","","","",""
"","0","getLevel returns permissionsData.rank from CombinedUserData","User Utils","Tue Oct 14 14:01:21 UTC 2025","passed","Tue Oct 14 14:01:21 UTC 2025","","","",""
"","1","logs warning if fileSize > 10","printInfo","Tue Oct 14 14:01:03 UTC 2025","passed","Tue Oct 14 14:01:03 UTC 2025","","","",""
"","5","Editor with very long content","MDX Editor component","Tue Oct 14 14:01:16 UTC 2025","passed","Tue Oct 14 14:01:16 UTC 2025","","Edge cases","",""
"","2","encrypt and decrypt empty string","Encryption Module","Tue Oct 14 14:01:28 UTC 2025","passed","Tue Oct 14 14:01:28 UTC 2025","","","",""
"","0","throws if crawlDelay is not a number","generateContent","Tue Oct 14 14:01:03 UTC 2025","passed","Tue Oct 14 14:01:03 UTC 2025","","","",""
"","2","should create a ScryptError with proper structure","Scrypt Module","Tue Oct 14 14:01:00 UTC 2025","passed","Tue Oct 14 14:01:00 UTC 2025","","ScryptError","",""
"","2","should use TransactionContext if available","DrizzleDBClientService","Tue Oct 14 14:01:15 UTC 2025","passed","Tue Oct 14 14:01:15 UTC 2025","","makeQuery","",""
"","0","returns Host line for valid host string","generateHostContent","Tue Oct 14 14:01:03 UTC 2025","passed","Tue Oct 14 14:01:03 UTC 2025","","","",""
"","0","should export StudioCMSMarkdownDefaults","consts.ts","Tue Oct 14 14:01:07 UTC 2025","passed","Tue Oct 14 14:01:07 UTC 2025","","","",""
"","90","should produce different results for different inputs","Scrypt Module","Tue Oct 14 14:01:00 UTC 2025","passed","Tue Oct 14 14:01:00 UTC 2025","","Scrypt Service","",""
"","0","should accept demoMode: false","developerConfigSchema","Tue Oct 14 14:01:38 UTC 2025","passed","Tue Oct 14 14:01:38 UTC 2025","","","",""
"","2275","should send email successfully","SMTP Service","Tue Oct 14 14:00:59 UTC 2025","passed","Tue Oct 14 14:01:02 UTC 2025","","Mail sending","",""
"","0","should handle route with special characters","makePublicRoute","Tue Oct 14 14:01:41 UTC 2025","passed","Tue Oct 14 14:01:41 UTC 2025","","","",""
"","1","returns correct score text","webVitalsUtils","Tue Oct 14 14:01:00 UTC 2025","passed","Tue Oct 14 14:01:00 UTC 2025","","calculateClsScoreText","",""
"","0","should handle single line with indentation","String Utilities","Tue Oct 14 14:01:01 UTC 2025","passed","Tue Oct 14 14:01:01 UTC 2025","","dedent","",""
"","6","should propagate errors from runEffect","Api-Route Tests","Tue Oct 14 14:01:00 UTC 2025","passed","Tue Oct 14 14:01:00 UTC 2025","","defineAPIRoute tests (deprecated Utility)","",""
"","2","should handle makeList function with empty userDefinedPlugins","renderMDX","Tue Oct 14 14:00:55 UTC 2025","passed","Tue Oct 14 14:00:55 UTC 2025","","Edge cases","",""
"","0","should format info prefix dim","getEventPrefix","Tue Oct 14 14:01:19 UTC 2025","passed","Tue Oct 14 14:01:19 UTC 2025","","","",""
"","0","isFaviconExt should return true for valid extensions","FrontEndConfigSchema","Tue Oct 14 14:01:29 UTC 2025","passed","Tue Oct 14 14:01:29 UTC 2025","","","",""
"","1","stripHtmlExtension removes .html extension","pathGenerators","Tue Oct 14 14:01:23 UTC 2025","passed","Tue Oct 14 14:01:23 UTC 2025","","","",""
"","2","should set up virtual imports correctly for StudioCMS flavor","studiocmsMD","Tue Oct 14 14:00:55 UTC 2025","passed","Tue Oct 14 14:00:55 UTC 2025","","plugin hooks","",""
"","0","should provide default empty object when undefined","HTMLSchema","Tue Oct 14 14:01:27 UTC 2025","passed","Tue Oct 14 14:01:27 UTC 2025","","default values","",""
"","1","handles complex JSON structures","Utils","Tue Oct 14 14:01:16 UTC 2025","passed","Tue Oct 14 14:01:16 UTC 2025","","parse","",""
"","0","should have hooks object","@studiocms/google","Tue Oct 14 14:01:08 UTC 2025","passed","Tue Oct 14 14:01:08 UTC 2025","","plugin structure","",""
"","2","generates correct XML for multiple entries","template","Tue Oct 14 14:01:25 UTC 2025","passed","Tue Oct 14 14:01:25 UTC 2025","","","",""
"","2","handles various React node types","ReactWrapper.astro","Tue Oct 14 14:01:03 UTC 2025","passed","Tue Oct 14 14:01:03 UTC 2025","","","",""
"","3","should create a plugin with correct metadata","@studiocms/github","Tue Oct 14 14:01:08 UTC 2025","passed","Tue Oct 14 14:01:08 UTC 2025","","plugin creation","",""
"","1","respects custom options","deepmerge test","Tue Oct 14 14:01:23 UTC 2025","passed","Tue Oct 14 14:01:23 UTC 2025","","deepmerge utility","",""
"","0","should handle non-Error throws","tryCatch","Tue Oct 14 14:01:01 UTC 2025","passed","Tue Oct 14 14:01:01 UTC 2025","","error handling and types","",""
"","0","returns yellow for >100 and <=200","webVitalsUtils","Tue Oct 14 14:01:00 UTC 2025","passed","Tue Oct 14 14:01:00 UTC 2025","","inpTextColor","",""
"","3","should handle mailer function errors","SMTP Service","Tue Oct 14 14:01:03 UTC 2025","passed","Tue Oct 14 14:01:03 UTC 2025","","Mailer function","",""
"","3","verifyUsernameCharacters returns error for invalid characters","User Utils","Tue Oct 14 14:01:21 UTC 2025","passed","Tue Oct 14 14:01:21 UTC 2025","","","",""
"","7","should return all registered components","ComponentRegistry","Tue Oct 14 14:00:57 UTC 2025","passed","Tue Oct 14 14:00:57 UTC 2025","","getAllComponents","",""
"","7","should handle special characters and unicode content","renderMDX","Tue Oct 14 14:00:55 UTC 2025","passed","Tue Oct 14 14:00:55 UTC 2025","","Edge cases","",""
"","0","returns red for >4s","webVitalsUtils","Tue Oct 14 14:01:00 UTC 2025","passed","Tue Oct 14 14:01:00 UTC 2025","","lcpTextColor","",""
"","2","the endpoint responds with 200","Config Utils Integration Utility tests","Tue Oct 14 14:01:37 UTC 2025","passed","Tue Oct 14 14:01:37 UTC 2025","","the integration loads and serves basic config over endpoint","",""
"","3","Renderer handles null content","MarkDoc Renderer component","Tue Oct 14 14:01:03 UTC 2025","passed","Tue Oct 14 14:01:03 UTC 2025","","Edge cases","",""
"","1","should have correct plugin identifier","@studiocms/discord","Tue Oct 14 14:01:08 UTC 2025","passed","Tue Oct 14 14:01:08 UTC 2025","","plugin structure","",""
"","4","returns an empty object if no components are provided","createComponentProxy","Tue Oct 14 14:01:14 UTC 2025","passed","Tue Oct 14 14:01:14 UTC 2025","","","",""
"","0","should have studiocms:config:setup hook","@studiocms/github","Tue Oct 14 14:01:08 UTC 2025","passed","Tue Oct 14 14:01:08 UTC 2025","","hook implementation","",""
"","1","decodes entities in attribute mode","decodeHTMLAttribute","Tue Oct 14 14:01:22 UTC 2025","passed","Tue Oct 14 14:01:22 UTC 2025","","","",""
"","71","returns an object with a run method when given valid config","makeScrypt","Tue Oct 14 14:01:38 UTC 2025","passed","Tue Oct 14 14:01:38 UTC 2025","","","",""
"","1","plugin resolves component paths correctly","StudioCMS MarkDoc Plugin","Tue Oct 14 14:01:06 UTC 2025","passed","Tue Oct 14 14:01:06 UTC 2025","","","",""
"","0","returns green for <=0.25","webVitalsUtils","Tue Oct 14 14:01:00 UTC 2025","passed","Tue Oct 14 14:01:00 UTC 2025","","clsTextColor","",""
"","1","should parse multiple variables","TemplateParser","Tue Oct 14 14:01:31 UTC 2025","passed","Tue Oct 14 14:01:31 UTC 2025","","parse","",""
"","0","should convert booleans to strings","TemplateRenderer","Tue Oct 14 14:01:21 UTC 2025","passed","Tue Oct 14 14:01:21 UTC 2025","","Data types","",""
"","1","should handle invalid sanitize options","HTMLSchema","Tue Oct 14 14:01:27 UTC 2025","passed","Tue Oct 14 14:01:27 UTC 2025","","validation","",""
"","1","should handle canonical as undefined","headDefaults","Tue Oct 14 14:01:24 UTC 2025","passed","Tue Oct 14 14:01:24 UTC 2025","","","",""
"","0","should add items to all arrays if all date checks are true","buildDataObject","Tue Oct 14 14:01:17 UTC 2025","passed","Tue Oct 14 14:01:17 UTC 2025","","","",""
"","0","makeDashboardRoute returns a string","routeMap","Tue Oct 14 14:01:07 UTC 2025","passed","Tue Oct 14 14:01:07 UTC 2025","","","",""
"","2","should generate virtual import code with given keys, props, and components","buildVirtualImport","Tue Oct 14 14:01:25 UTC 2025","passed","Tue Oct 14 14:01:25 UTC 2025","","","",""
"","2","should include all required Auth0 environment variables","@studiocms/auth0","Tue Oct 14 14:01:07 UTC 2025","passed","Tue Oct 14 14:01:07 UTC 2025","","OAuth provider configuration","",""
"","0","returns yellow for <=2.5s","webVitalsUtils","Tue Oct 14 14:01:00 UTC 2025","passed","Tue Oct 14 14:01:00 UTC 2025","","progressBarLcpTrackColor","",""
"","13","verifyUsernameInput returns true for valid username","User Module","Tue Oct 14 14:01:02 UTC 2025","passed","Tue Oct 14 14:01:02 UTC 2025","","","",""
"","2","renders content with custom components","renderReact","Tue Oct 14 14:01:05 UTC 2025","passed","Tue Oct 14 14:01:05 UTC 2025","","","",""
"","0","should reject invalid verbose type","schema","Tue Oct 14 14:01:17 UTC 2025","passed","Tue Oct 14 14:01:17 UTC 2025","","StudioCMSDevAppsSchema","",""
"","1","extracts Props type alias from Astro frontmatter","PropsParser","Tue Oct 14 14:01:21 UTC 2025","passed","Tue Oct 14 14:01:21 UTC 2025","","extractPropsFromAstroFile","",""
"","11","throws on unknown semver category","loadChangelog","Tue Oct 14 14:01:20 UTC 2025","passed","Tue Oct 14 14:01:20 UTC 2025","","","",""
"","0","ensureLeadingSlash adds slash if missing","pathGenerators","Tue Oct 14 14:01:23 UTC 2025","passed","Tue Oct 14 14:01:23 UTC 2025","","","",""
"","4","createSession returns a UserSession","Session Module","Tue Oct 14 14:01:12 UTC 2025","passed","Tue Oct 14 14:01:12 UTC 2025","","","",""
"","1","should return empty result when no fileUrl is provided","Config Loader Utils","Tue Oct 14 14:01:01 UTC 2025","passed","Tue Oct 14 14:01:01 UTC 2025","","loadAndBundleConfigFile","",""
"","0","returns input unchanged if there are no entities","decode","Tue Oct 14 14:01:32 UTC 2025","passed","Tue Oct 14 14:01:32 UTC 2025","","","",""
"","0","returns ""Unknown"" for unknown permission levels","getLabelForPermissionLevel","Tue Oct 14 14:01:43 UTC 2025","passed","Tue Oct 14 14:01:43 UTC 2025","","","",""
"","0","should handle templates with no variables","TemplateEngine","Tue Oct 14 14:01:18 UTC 2025","passed","Tue Oct 14 14:01:18 UTC 2025","","Basic functionality","",""
"","0","parses valid hour string","TimeStringSchema","Tue Oct 14 14:01:16 UTC 2025","passed","Tue Oct 14 14:01:16 UTC 2025","","","",""
"","0","rejects invalid plugin list items","SafePluginListSchema","Tue Oct 14 14:01:22 UTC 2025","passed","Tue Oct 14 14:01:22 UTC 2025","","","",""
"","0","should parse valid core metrics","CoreWebVitalsMetricTypeSchema","Tue Oct 14 14:01:21 UTC 2025","passed","Tue Oct 14 14:01:21 UTC 2025","","","",""
"","1","should store resolved options in shared context on astro:config:done","studiocmsMD","Tue Oct 14 14:00:55 UTC 2025","passed","Tue Oct 14 14:00:55 UTC 2025","","plugin hooks","",""
"","2","should be defined","FALLBACK_OG_IMAGE","Tue Oct 14 14:01:46 UTC 2025","passed","Tue Oct 14 14:01:46 UTC 2025","","","",""
"","1","parseRequiredPerms returns correct UserPermissionLevel","User Utils","Tue Oct 14 14:01:21 UTC 2025","passed","Tue Oct 14 14:01:21 UTC 2025","","","",""
"","1","includes the provided title in the heading and body","userInvite template","Tue Oct 14 14:01:39 UTC 2025","passed","Tue Oct 14 14:01:39 UTC 2025","","","",""
"","5","should load TypeScript config file","Config Loader Utils","Tue Oct 14 14:01:01 UTC 2025","passed","Tue Oct 14 14:01:01 UTC 2025","","loadConfigFile","",""
"","0","should be an instance of Error","Scrypt Module","Tue Oct 14 14:01:00 UTC 2025","passed","Tue Oct 14 14:01:00 UTC 2025","","ScryptError","",""
"","0","should handle base with trailing slash","pathGenerator utilities","Tue Oct 14 14:01:21 UTC 2025","passed","Tue Oct 14 14:01:21 UTC 2025","","pathGenerator","",""
"","35","Renderer with props 0","Renderer component","Tue Oct 14 14:01:43 UTC 2025","passed","Tue Oct 14 14:01:43 UTC 2025","","","",""
"","5","preserves required star in toggle label","updateToggleElmLabel","Tue Oct 14 14:01:48 UTC 2025","passed","Tue Oct 14 14:01:48 UTC 2025","","","",""
"","0","should convert underscores to hyphens and back","String Utilities","Tue Oct 14 14:01:01 UTC 2025","passed","Tue Oct 14 14:01:01 UTC 2025","","integration tests","",""
"","0","decodes base64url strings with missing padding","base64UrlDecode","Tue Oct 14 14:01:17 UTC 2025","passed","Tue Oct 14 14:01:17 UTC 2025","","","",""
"","3","should create a plugin with default options","studiocmsMDX","Tue Oct 14 14:00:57 UTC 2025","passed","Tue Oct 14 14:00:57 UTC 2025","","plugin creation","",""
"","0","AstroConfigImageSettings should allow http and https","consts.ts","Tue Oct 14 14:01:07 UTC 2025","passed","Tue Oct 14 14:01:07 UTC 2025","","","",""
"","1","returns hero if provided and non-empty, ignoring site fallback","heroHelper tests","Tue Oct 14 14:01:20 UTC 2025","passed","Tue Oct 14 14:01:20 UTC 2025","getHeroImage","trimInput","",""
"","0","should create DownloadImageConfig with string URLs","WordPress API Configs","Tue Oct 14 14:00:58 UTC 2025","passed","Tue Oct 14 14:00:58 UTC 2025","","DownloadImageConfig","",""
"","0","should create ImportPostsEndpointConfig with default useBlogPkg","WordPress API Configs","Tue Oct 14 14:00:58 UTC 2025","passed","Tue Oct 14 14:00:58 UTC 2025","","ImportPostsEndpointConfig","",""
"","0","should export default function","@studiocms/discord","Tue Oct 14 14:01:08 UTC 2025","passed","Tue Oct 14 14:01:08 UTC 2025","","plugin creation","",""
"","0","ensureTrailingSlash adds slash if missing","pathGenerators","Tue Oct 14 14:01:23 UTC 2025","passed","Tue Oct 14 14:01:23 UTC 2025","","","",""
"","0","handles strings with special characters","Utils","Tue Oct 14 14:01:16 UTC 2025","passed","Tue Oct 14 14:01:16 UTC 2025","","firstUpperCase","",""
"","0","trims leading and trailing whitespace","heroHelper tests","Tue Oct 14 14:01:20 UTC 2025","passed","Tue Oct 14 14:01:20 UTC 2025","","trimInput","",""
"","0","skips groups with less than 4 samples","processWebVitalsRouteSummary","Tue Oct 14 14:01:17 UTC 2025","passed","Tue Oct 14 14:01:17 UTC 2025","","","",""
"","0","should allow undefined input and default to {}","authProviderSchema","Tue Oct 14 14:01:24 UTC 2025","passed","Tue Oct 14 14:01:24 UTC 2025","","","",""
"","1","routesDir should generate correct paths","consts.ts","Tue Oct 14 14:01:07 UTC 2025","passed","Tue Oct 14 14:01:07 UTC 2025","","","",""
"","0","trims string patterns before checking","Middleware Utils","Tue Oct 14 14:01:18 UTC 2025","passed","Tue Oct 14 14:01:18 UTC 2025","","matchFilterCheck","",""
"","0","returns path without lang prefix for English when showDefaultLang is false","i18n/server","Tue Oct 14 14:01:24 UTC 2025","passed","Tue Oct 14 14:01:24 UTC 2025","","useTranslatedPath","",""
"","0","StudioCMSPkgId should be ""studiocms""","StudioCMS SDK Constants","Tue Oct 14 14:01:41 UTC 2025","passed","Tue Oct 14 14:01:41 UTC 2025","","","",""
"","0","returns false if file does not exist","Watcher Utils","Tue Oct 14 14:01:31 UTC 2025","passed","Tue Oct 14 14:01:31 UTC 2025","","exists","",""
"","0","should have studiocms:config:setup hook","@studiocms/discord","Tue Oct 14 14:01:08 UTC 2025","passed","Tue Oct 14 14:01:08 UTC 2025","","hook implementation","",""
"","3","Renderer handles malformed Markdoc syntax","MarkDoc Renderer component","Tue Oct 14 14:01:03 UTC 2025","passed","Tue Oct 14 14:01:03 UTC 2025","","Edge cases","",""
"","1","should reject invalid favicon extensions","FrontEndConfigSchema","Tue Oct 14 14:01:29 UTC 2025","passed","Tue Oct 14 14:01:29 UTC 2025","","","",""
"","2","readAPIContextJson: should parse JSON from request","API Context Utils","Tue Oct 14 14:01:13 UTC 2025","passed","Tue Oct 14 14:01:13 UTC 2025","","","",""
"","31","render component","Components Container tests","Tue Oct 14 14:01:12 UTC 2025","passed","Tue Oct 14 14:01:12 UTC 2025","TitleTags","Shared components","",""
"","0","returns undefined for undefined input","heroHelper tests","Tue Oct 14 14:01:20 UTC 2025","passed","Tue Oct 14 14:01:20 UTC 2025","","trimInput","",""
"","0","should convert single underscore to hyphen","String Utilities","Tue Oct 14 14:01:01 UTC 2025","passed","Tue Oct 14 14:01:01 UTC 2025","","convertUnderscoresToHyphens","",""
"","0","validates undefined as default","WYSIWYG Types and Schema","Tue Oct 14 14:01:07 UTC 2025","passed","Tue Oct 14 14:01:07 UTC 2025","","WYSIWYGSchema","",""
"","1","logs warn/error when verbose is false","integrationLogger","Tue Oct 14 14:01:14 UTC 2025","passed","Tue Oct 14 14:01:14 UTC 2025","","","",""
"","2","merges security values without overwriting general/plugins","setLocals","Tue Oct 14 14:01:14 UTC 2025","passed","Tue Oct 14 14:01:14 UTC 2025","","","",""
"","0","should default usernameAndPassword to true","authProviderSchema","Tue Oct 14 14:01:24 UTC 2025","passed","Tue Oct 14 14:01:24 UTC 2025","","","",""
"","0","handles empty string","decodeHTML (edge cases)","Tue Oct 14 14:01:22 UTC 2025","passed","Tue Oct 14 14:01:22 UTC 2025","","","",""
"","0","should handle empty string","String Utilities","Tue Oct 14 14:01:01 UTC 2025","passed","Tue Oct 14 14:01:01 UTC 2025","","convertHyphensToUnderscores","",""
"","1","should require @studiocms/md plugin","studiocmsMDX","Tue Oct 14 14:00:57 UTC 2025","passed","Tue Oct 14 14:00:57 UTC 2025","","plugin requirements","",""
"","0","should handle empty string","String Utilities","Tue Oct 14 14:01:01 UTC 2025","passed","Tue Oct 14 14:01:01 UTC 2025","","convertUnderscoresToHyphens","",""
"","0","should generate REST API route for v1","v1RestRoute","Tue Oct 14 14:01:34 UTC 2025","passed","Tue Oct 14 14:01:34 UTC 2025","","","",""
"","0","should create UseBlogPkgConfig with useBlogPkg false","WordPress API Configs","Tue Oct 14 14:00:58 UTC 2025","passed","Tue Oct 14 14:00:58 UTC 2025","","UseBlogPkgConfig","",""
"","0","should provide a transaction context","TransactionContext","Tue Oct 14 14:01:15 UTC 2025","passed","Tue Oct 14 14:01:15 UTC 2025","","","",""
"","1","throws if CMS_ENCRYPTION_KEY is empty","Config Helper","Tue Oct 14 14:01:04 UTC 2025","passed","Tue Oct 14 14:01:04 UTC 2025","","makePasswordModConfig","",""
"","0","toComponentProxyError should wrap error with prefix and return ComponentProxyError","prefixError","Tue Oct 14 14:01:24 UTC 2025","passed","Tue Oct 14 14:01:24 UTC 2025","","","",""
"","0","verifyUsernameLength returns undefined for valid username","User Utils","Tue Oct 14 14:01:21 UTC 2025","passed","Tue Oct 14 14:01:21 UTC 2025","","","",""
"","0","should allow partial overrides and use defaults for missing values","dashboardConfigSchema","Tue Oct 14 14:01:31 UTC 2025","passed","Tue Oct 14 14:01:31 UTC 2025","","","",""
"","7","render component with badge","Components Container tests","Tue Oct 14 14:01:12 UTC 2025","passed","Tue Oct 14 14:01:12 UTC 2025","PageHeader component","First Time Setup components","",""
"","4","Renderer handles very long content","MarkDoc Renderer component","Tue Oct 14 14:01:03 UTC 2025","passed","Tue Oct 14 14:01:03 UTC 2025","","Edge cases","",""
"","1","returns { theme: ""obsidian"" } when opt is ""obsidian""","preRender","Tue Oct 14 14:01:24 UTC 2025","passed","Tue Oct 14 14:01:24 UTC 2025","","parseCallouts","",""
"","0","should export theme color","consts.ts","Tue Oct 14 14:01:07 UTC 2025","passed","Tue Oct 14 14:01:07 UTC 2025","","","",""
"","1","plugin stores resolved options in shared context","StudioCMS MarkDoc Plugin","Tue Oct 14 14:01:06 UTC 2025","passed","Tue Oct 14 14:01:06 UTC 2025","","","",""
"","0","should configure GitHub as OAuth provider","@studiocms/github","Tue Oct 14 14:01:08 UTC 2025","passed","Tue Oct 14 14:01:08 UTC 2025","","OAuth provider configuration","",""
"","0","handles single character strings","Utils","Tue Oct 14 14:01:16 UTC 2025","passed","Tue Oct 14 14:01:16 UTC 2025","","firstUpperCase","",""
"","1","renders with React component","ReactWrapper.astro","Tue Oct 14 14:01:03 UTC 2025","passed","Tue Oct 14 14:01:03 UTC 2025","","","",""
"","1","throws if session.expTime is not a positive integer","Config Helper","Tue Oct 14 14:01:04 UTC 2025","passed","Tue Oct 14 14:01:04 UTC 2025","","makePasswordModConfig","",""
"","1","should accept enabled as false","authConfigSchema","Tue Oct 14 14:01:24 UTC 2025","passed","Tue Oct 14 14:01:24 UTC 2025","","","",""
"","0","should have a Reset Password button with correct styles","passwordReset template","Tue Oct 14 14:01:38 UTC 2025","passed","Tue Oct 14 14:01:38 UTC 2025","","","",""
"","2","verifyUsernameLength returns error for too short username","User Utils","Tue Oct 14 14:01:21 UTC 2025","passed","Tue Oct 14 14:01:21 UTC 2025","","","",""
"","1","validateSessionToken returns session and user for valid token","Session Module","Tue Oct 14 14:01:12 UTC 2025","passed","Tue Oct 14 14:01:12 UTC 2025","","","",""
"","2","can handle complex nested structures","deepmerge test","Tue Oct 14 14:01:23 UTC 2025","passed","Tue Oct 14 14:01:23 UTC 2025","","Deepmerge Effect Service","",""
"","0","renders string children","MarkDocReactRenderer","Tue Oct 14 14:01:26 UTC 2025","passed","Tue Oct 14 14:01:26 UTC 2025","","","",""
"","0","should be instance of StudioCMSError","StudioCMSCoreError","Tue Oct 14 14:01:41 UTC 2025","passed","Tue Oct 14 14:01:41 UTC 2025","","","",""
"","0","throws if allow/disallow missing","generateContent","Tue Oct 14 14:01:03 UTC 2025","passed","Tue Oct 14 14:01:03 UTC 2025","","","",""
"","0","should return empty array for no variables","TemplateParser","Tue Oct 14 14:01:31 UTC 2025","passed","Tue Oct 14 14:01:31 UTC 2025","","parse","",""
"","0","should return false when no variables exist","TemplateParser","Tue Oct 14 14:01:31 UTC 2025","passed","Tue Oct 14 14:01:31 UTC 2025","","hasVariables","",""
"","0","should handle JSON parsing","tryCatch","Tue Oct 14 14:01:01 UTC 2025","passed","Tue Oct 14 14:01:01 UTC 2025","","real-world usage examples","",""
"","0","should strip studiocms/ prefix","stripNameFromLabel","Tue Oct 14 14:01:19 UTC 2025","passed","Tue Oct 14 14:01:19 UTC 2025","","","",""
"","0","throws if crawlDelay is out of range","generateContent","Tue Oct 14 14:01:03 UTC 2025","passed","Tue Oct 14 14:01:03 UTC 2025","","","",""
"","1","renders with string content","ReactWrapper.astro","Tue Oct 14 14:01:03 UTC 2025","passed","Tue Oct 14 14:01:03 UTC 2025","","","",""
"","1","srvHostname returns correct target and port","Libravatar Utils","Tue Oct 14 14:01:18 UTC 2025","passed","Tue Oct 14 14:01:18 UTC 2025","","","",""
"","0","verifyUsernameLength returns error for too long username","User Utils","Tue Oct 14 14:01:21 UTC 2025","passed","Tue Oct 14 14:01:21 UTC 2025","","","",""
"","1","plugin handles empty options object","StudioCMS WYSIWYG Plugin","Tue Oct 14 14:01:15 UTC 2025","passed","Tue Oct 14 14:01:15 UTC 2025","","","",""
"","0","decodes HTML entities when options.level is HTML","decode","Tue Oct 14 14:01:32 UTC 2025","passed","Tue Oct 14 14:01:32 UTC 2025","","","",""
"","0","returns correct string for multiple code points","decode-codepoint","Tue Oct 14 14:01:32 UTC 2025","passed","Tue Oct 14 14:01:32 UTC 2025","","fromCodePoint","",""
"","1","should accept demoMode as an object with username and password","developerConfigSchema","Tue Oct 14 14:01:38 UTC 2025","passed","Tue Oct 14 14:01:38 UTC 2025","","","",""
"","5","should load the first existing config file","Config Loader Utils","Tue Oct 14 14:01:01 UTC 2025","passed","Tue Oct 14 14:01:01 UTC 2025","","loadConfigFile","",""
"","1","renders with React elements","MarkDocReactRenderer","Tue Oct 14 14:01:26 UTC 2025","passed","Tue Oct 14 14:01:26 UTC 2025","","","",""
"","2","defaultSessionConfig has correct defaults","Session Utils","Tue Oct 14 14:01:35 UTC 2025","passed","Tue Oct 14 14:01:35 UTC 2025","","","",""
"","0","excludes drafts if includeDrafts is false","filterPagesByDraftAndIndex","Tue Oct 14 14:01:05 UTC 2025","passed","Tue Oct 14 14:01:05 UTC 2025","","","",""
"","4","should return empty map when no components registered","ComponentRegistry","Tue Oct 14 14:00:57 UTC 2025","passed","Tue Oct 14 14:00:57 UTC 2025","","getAllComponents","",""
"","0","plugin creation with empty sanitize options","StudioCMS WYSIWYG Plugin","Tue Oct 14 14:01:15 UTC 2025","passed","Tue Oct 14 14:01:15 UTC 2025","","","",""
"","0","should handle consecutive hyphens","String Utilities","Tue Oct 14 14:01:01 UTC 2025","passed","Tue Oct 14 14:01:01 UTC 2025","","convertHyphensToUnderscores","",""
"","0","should set correct endpoint path","@studiocms/discord","Tue Oct 14 14:01:08 UTC 2025","passed","Tue Oct 14 14:01:08 UTC 2025","","OAuth provider configuration","",""
"","1","should use package name in integration name","Cloudinary Image Service Plugin","Tue Oct 14 14:00:56 UTC 2025","passed","Tue Oct 14 14:00:56 UTC 2025","","integration name","",""
"","0","sanitizedTarget returns host:port for non-standard port","Libravatar Utils","Tue Oct 14 14:01:18 UTC 2025","passed","Tue Oct 14 14:01:18 UTC 2025","","","",""
"","3","render component","Components Container tests","Tue Oct 14 14:01:12 UTC 2025","passed","Tue Oct 14 14:01:12 UTC 2025","Code component","Shared components","",""
"","0","makeDashboardRoute returns correct route with argument","routeMap","Tue Oct 14 14:01:07 UTC 2025","passed","Tue Oct 14 14:01:07 UTC 2025","","","",""
"","0","throws if crawlDelay is negative","generateContent","Tue Oct 14 14:01:03 UTC 2025","passed","Tue Oct 14 14:01:03 UTC 2025","","","",""
"","3","should include base remark and rehype plugins","renderMDX","Tue Oct 14 14:00:55 UTC 2025","passed","Tue Oct 14 14:00:55 UTC 2025","","","",""
"","0","should combine base and path correctly","pathGenerator utilities","Tue Oct 14 14:01:21 UTC 2025","passed","Tue Oct 14 14:01:21 UTC 2025","","pathWithBase","",""
"","3","plugin handles partial options","StudioCMS MarkDoc Plugin","Tue Oct 14 14:01:06 UTC 2025","passed","Tue Oct 14 14:01:06 UTC 2025","","","",""
"","1","should reject data without rendered field","WordPress API Schema","Tue Oct 14 14:00:59 UTC 2025","passed","Tue Oct 14 14:00:59 UTC 2025","","RenderedData","",""
"","0","handles allowComponents if supported","WYSIWYG Types and Schema","Tue Oct 14 14:01:07 UTC 2025","passed","Tue Oct 14 14:01:07 UTC 2025","","Schema edge cases","",""
"","0","throws SyntaxError if file content is invalid JSON","readJson","Tue Oct 14 14:01:40 UTC 2025","passed","Tue Oct 14 14:01:40 UTC 2025","","","",""
"","3","should render title and message in the HTML","notification template","Tue Oct 14 14:01:39 UTC 2025","passed","Tue Oct 14 14:01:39 UTC 2025","","","",""
"","2","should be instance of AstroError","StudioCMSError","Tue Oct 14 14:01:41 UTC 2025","passed","Tue Oct 14 14:01:41 UTC 2025","","","",""
"","0","should validate empty metadata array","WordPress API Schema","Tue Oct 14 14:00:59 UTC 2025","passed","Tue Oct 14 14:00:59 UTC 2025","","MetaDataSchema","",""
"","0","should merge options when updating","TemplateRenderer","Tue Oct 14 14:01:21 UTC 2025","passed","Tue Oct 14 14:01:21 UTC 2025","","Options management","",""
"","0","dashboard route with override","urlGenFactory","Tue Oct 14 14:01:33 UTC 2025","passed","Tue Oct 14 14:01:33 UTC 2025","","","",""
"","5","should throw error when config file has no default export","Config Loader Utils","Tue Oct 14 14:01:01 UTC 2025","passed","Tue Oct 14 14:01:01 UTC 2025","","loadConfigFile","",""
"","0","should inherit properties from StudioCMSError","StudioCMSCoreError","Tue Oct 14 14:01:41 UTC 2025","passed","Tue Oct 14 14:01:41 UTC 2025","","","",""
"","4","renders editor with complex HTML content","WYSIWYG Editor Component","Tue Oct 14 14:01:30 UTC 2025","passed","Tue Oct 14 14:01:30 UTC 2025","","","",""
"","1","should handle unknown properties gracefully","studiocmsMD","Tue Oct 14 14:00:55 UTC 2025","passed","Tue Oct 14 14:00:55 UTC 2025","","plugin creation","",""
"","0","should have non-null light/dark for local images","validImages","Tue Oct 14 14:01:38 UTC 2025","passed","Tue Oct 14 14:01:38 UTC 2025","","","",""
"","0","should accept usernameAndPassword as false","authProviderSchema","Tue Oct 14 14:01:24 UTC 2025","passed","Tue Oct 14 14:01:24 UTC 2025","","","",""
"","25","runs dev and sets up watch","builder","Tue Oct 14 14:01:13 UTC 2025","passed","Tue Oct 14 14:01:13 UTC 2025","","","",""
"","0","treats both null as equal","Middleware Utils","Tue Oct 14 14:01:18 UTC 2025","passed","Tue Oct 14 14:01:18 UTC 2025","sortByPriority","handlerFilter","",""
"","0","StudioCMSRoutes.sdk contains expected keys","routeMap","Tue Oct 14 14:01:07 UTC 2025","passed","Tue Oct 14 14:01:07 UTC 2025","","","",""
"","0","should create a context tag","DrizzleClient","Tue Oct 14 14:01:15 UTC 2025","passed","Tue Oct 14 14:01:15 UTC 2025","","","",""
"","2","renders content with links","WYSIWYG Render Component","Tue Oct 14 14:01:31 UTC 2025","passed","Tue Oct 14 14:01:31 UTC 2025","","","",""
"","0","should return empty arrays if input is empty","buildPageRouteDataObject","Tue Oct 14 14:01:24 UTC 2025","passed","Tue Oct 14 14:01:24 UTC 2025","","","",""
"","3","Renderer with props 3","Renderer component","Tue Oct 14 14:01:42 UTC 2025","passed","Tue Oct 14 14:01:42 UTC 2025","","","",""
"","1","should reject non-object features","StudioCMSOptionsSchema","Tue Oct 14 14:01:27 UTC 2025","passed","Tue Oct 14 14:01:27 UTC 2025","","","",""
"","1","should handle StudioCMS flavor with different callout themes","studiocmsMD","Tue Oct 14 14:00:55 UTC 2025","passed","Tue Oct 14 14:00:55 UTC 2025","","plugin creation","",""
"","3","Editor with complex content","Editor component","Tue Oct 14 14:01:06 UTC 2025","passed","Tue Oct 14 14:01:06 UTC 2025","","","",""
"","0","plugin handles empty options object","StudioCMS MarkDoc Plugin","Tue Oct 14 14:01:06 UTC 2025","passed","Tue Oct 14 14:01:06 UTC 2025","","","",""
"","0","should handle underscores at the beginning and end","String Utilities","Tue Oct 14 14:01:01 UTC 2025","passed","Tue Oct 14 14:01:01 UTC 2025","","convertUnderscoresToHyphens","",""
"","3","parses valid minute string","TimeStringSchema","Tue Oct 14 14:01:16 UTC 2025","passed","Tue Oct 14 14:01:16 UTC 2025","","","",""
"","1","should return correct export statements for a given virtualId","buildAliasExports","Tue Oct 14 14:01:25 UTC 2025","passed","Tue Oct 14 14:01:25 UTC 2025","","","",""
"","2","returns null and logs error if fetch fails","getLatestVersion","Tue Oct 14 14:01:13 UTC 2025","passed","Tue Oct 14 14:01:13 UTC 2025","","","",""
"","0","returns NaN for empty array","webVitalsUtils","Tue Oct 14 14:01:00 UTC 2025","passed","Tue Oct 14 14:01:00 UTC 2025","","calculateInpAverage","",""
"","0","should handle thrown numbers","tryCatch","Tue Oct 14 14:01:01 UTC 2025","passed","Tue Oct 14 14:01:01 UTC 2025","","error handling and types","",""
"","2","should create a plugin with correct metadata","@studiocms/google","Tue Oct 14 14:01:08 UTC 2025","passed","Tue Oct 14 14:01:08 UTC 2025","","plugin creation","",""
"","1","should accept valid locale keys","i18nLabelSchema","Tue Oct 14 14:01:06 UTC 2025","passed","Tue Oct 14 14:01:06 UTC 2025","","","",""
"","1","should handle undefined options","studiocmsMDX","Tue Oct 14 14:00:57 UTC 2025","passed","Tue Oct 14 14:00:57 UTC 2025","","plugin creation","",""
"","1","handles container creation and configuration","renderReact","Tue Oct 14 14:01:05 UTC 2025","passed","Tue Oct 14 14:01:05 UTC 2025","","","",""
"","2","throws an error if the service merge function throws","deepmerge test","Tue Oct 14 14:01:23 UTC 2025","passed","Tue Oct 14 14:01:23 UTC 2025","","Deepmerge Effect Service","",""
"","4","renders editor with CSRF token","WYSIWYG Editor Component","Tue Oct 14 14:01:30 UTC 2025","passed","Tue Oct 14 14:01:30 UTC 2025","","","",""
"","3","Renderer with props 3","Renderer component","Tue Oct 14 14:01:42 UTC 2025","passed","Tue Oct 14 14:01:42 UTC 2025","","","",""
"","0","extracts CLS values and calculates average","webVitalsUtils","Tue Oct 14 14:01:00 UTC 2025","passed","Tue Oct 14 14:01:00 UTC 2025","","clsDataAverage","",""
"","4","should return a 200 JSON response by default","response-helpers","Tue Oct 14 14:01:12 UTC 2025","passed","Tue Oct 14 14:01:12 UTC 2025","","createJsonResponse","",""
"","0","returns undefined when opt is null","preRender","Tue Oct 14 14:01:24 UTC 2025","passed","Tue Oct 14 14:01:24 UTC 2025","","parseCallouts","",""
"","0","returns ~0 for an empty callback","measureExecutionTime","Tue Oct 14 14:01:33 UTC 2025","passed","Tue Oct 14 14:01:33 UTC 2025","","","",""
"","1","should return a 200 HTML response by default","response-helpers","Tue Oct 14 14:01:12 UTC 2025","passed","Tue Oct 14 14:01:12 UTC 2025","","createHtmlResponse","",""
"","2","render component","Components Container tests","Tue Oct 14 14:01:12 UTC 2025","passed","Tue Oct 14 14:01:12 UTC 2025","PageHeader component","First Time Setup components","",""
"","3","_ClearUnknownError returns Effect.fail with SDKCoreError","error helpers","Tue Oct 14 14:01:05 UTC 2025","passed","Tue Oct 14 14:01:05 UTC 2025","","","",""
"","1","should have the correct hooks defined","@studiocms/google","Tue Oct 14 14:01:08 UTC 2025","passed","Tue Oct 14 14:01:08 UTC 2025","","hooks","",""
"","0","does not return Host line for localhost","generateHostContent","Tue Oct 14 14:01:03 UTC 2025","passed","Tue Oct 14 14:01:03 UTC 2025","","","",""
"","0","returns yellow for >2.5s and <=4s","webVitalsUtils","Tue Oct 14 14:01:00 UTC 2025","passed","Tue Oct 14 14:01:00 UTC 2025","","lcpTextColor","",""
"","0","should set correct endpoint path","@studiocms/google","Tue Oct 14 14:01:08 UTC 2025","passed","Tue Oct 14 14:01:08 UTC 2025","","OAuth provider configuration","",""
"","0","should handle function that returns a rejecting promise","tryCatch","Tue Oct 14 14:01:01 UTC 2025","passed","Tue Oct 14 14:01:01 UTC 2025","","with asynchronous functions","",""
"","0","returns { theme: ""vitepress"" } when opt is ""vitepress""","preRender","Tue Oct 14 14:01:24 UTC 2025","passed","Tue Oct 14 14:01:24 UTC 2025","","parseCallouts","",""
"","2","the endpoint responds with 200","Component Registry Integration tests","Tue Oct 14 14:01:28 UTC 2025","passed","Tue Oct 14 14:01:28 UTC 2025","","the integration loads and serves basic config over endpoint","",""
"","0","should reject post data with invalid format","WordPress API Schema","Tue Oct 14 14:00:59 UTC 2025","passed","Tue Oct 14 14:00:59 UTC 2025","","Post","",""
"","1","should handle errors without a message property","prefixError","Tue Oct 14 14:01:24 UTC 2025","passed","Tue Oct 14 14:01:24 UTC 2025","","","",""
"","4","parses type alias props","PropsParser","Tue Oct 14 14:01:21 UTC 2025","passed","Tue Oct 14 14:01:21 UTC 2025","","parseComponentProps","",""
"","0","ignores mode when level is XML","decode","Tue Oct 14 14:01:32 UTC 2025","passed","Tue Oct 14 14:01:32 UTC 2025","","","",""
"","1","throws error for non-object input","WYSIWYG Types and Schema","Tue Oct 14 14:01:07 UTC 2025","passed","Tue Oct 14 14:01:07 UTC 2025","","WYSIWYGSchema","",""
"","0","handles missing Astro.locals safely","heroHelper tests","Tue Oct 14 14:01:20 UTC 2025","passed","Tue Oct 14 14:01:20 UTC 2025","getHeroImage","trimInput","",""
"","0","should return whitespace for line with only whitespace","String Utilities","Tue Oct 14 14:01:01 UTC 2025","passed","Tue Oct 14 14:01:01 UTC 2025","","getIndent","",""
"","0","should set correct favicon type for .png","headDefaults","Tue Oct 14 14:01:24 UTC 2025","passed","Tue Oct 14 14:01:24 UTC 2025","","","",""
"","0","parses arrays","Utils","Tue Oct 14 14:01:16 UTC 2025","passed","Tue Oct 14 14:01:16 UTC 2025","","parse","",""
"","1","should reject page data with missing required fields","WordPress API Schema","Tue Oct 14 14:00:59 UTC 2025","passed","Tue Oct 14 14:00:59 UTC 2025","","Page","",""
"","1","should handle zero dimensions","cloudinaryImageService","Tue Oct 14 14:01:03 UTC 2025","passed","Tue Oct 14 14:01:03 UTC 2025","","edge cases","",""
"","1","remapFilterSitemap returns correct locations (curried)","getBlogRoute","Tue Oct 14 14:01:23 UTC 2025","passed","Tue Oct 14 14:01:23 UTC 2025","","","",""
"","1","parseAPIContextFormDataToObject: should parse FormData without schema","API Context Utils","Tue Oct 14 14:01:13 UTC 2025","passed","Tue Oct 14 14:01:13 UTC 2025","","","",""
"","1","should accept custom componentRegistry","StudioCMSOptionsSchema","Tue Oct 14 14:01:27 UTC 2025","passed","Tue Oct 14 14:01:27 UTC 2025","","","",""
"","0","returns true if cache is expired","isCacheExpired","Tue Oct 14 14:01:05 UTC 2025","passed","Tue Oct 14 14:01:05 UTC 2025","","","",""
"","0","should convert multiple underscores to hyphens","String Utilities","Tue Oct 14 14:01:01 UTC 2025","passed","Tue Oct 14 14:01:01 UTC 2025","","convertUnderscoresToHyphens","",""
"","3","should use defaults when no config is provided","dashboardConfigSchema","Tue Oct 14 14:01:31 UTC 2025","passed","Tue Oct 14 14:01:31 UTC 2025","","","",""
"","1","handles incomplete or invalid entities gracefully","decodeHTML","Tue Oct 14 14:01:22 UTC 2025","passed","Tue Oct 14 14:01:22 UTC 2025","","","",""
"","0","ensureHtmlExtension adds .html if missing","pathGenerators","Tue Oct 14 14:01:23 UTC 2025","passed","Tue Oct 14 14:01:23 UTC 2025","","","",""
"","4","pathWithBase strips leading slash and prepends one","pathGenerators","Tue Oct 14 14:01:23 UTC 2025","passed","Tue Oct 14 14:01:23 UTC 2025","","","",""
"","2","CheckIfUnsafe.username returns false for a non-reserved username","CheckIfUnsafe Utils","Tue Oct 14 14:01:36 UTC 2025","passed","Tue Oct 14 14:01:36 UTC 2025","","","",""
"","1","createRenderer returns identity function","WYSIWYG Partial Route","Tue Oct 14 14:01:30 UTC 2025","passed","Tue Oct 14 14:01:30 UTC 2025","","","",""
"","1","verifyPasswordLength returns undefined for valid length","Password Utils","Tue Oct 14 14:01:26 UTC 2025","passed","Tue Oct 14 14:01:26 UTC 2025","","","",""
"","0","should create FullPageData with pageData","WordPress API Configs","Tue Oct 14 14:00:58 UTC 2025","passed","Tue Oct 14 14:00:58 UTC 2025","","FullPageData","",""
"","2","returns undefined for null input","heroHelper tests","Tue Oct 14 14:01:20 UTC 2025","passed","Tue Oct 14 14:01:20 UTC 2025","","trimInput","",""
"","0","renders the Set Password button","userInvite template","Tue Oct 14 14:01:39 UTC 2025","passed","Tue Oct 14 14:01:39 UTC 2025","","","",""
"","0","getEditRoute returns correct edit route","routeMap","Tue Oct 14 14:01:07 UTC 2025","passed","Tue Oct 14 14:01:07 UTC 2025","","","",""
"","2","Editor with whitespace-only content","MDX Editor component","Tue Oct 14 14:01:16 UTC 2025","passed","Tue Oct 14 14:01:16 UTC 2025","","Edge cases","",""
"","0","returns replacement character for surrogate code points","decode-codepoint","Tue Oct 14 14:01:32 UTC 2025","passed","Tue Oct 14 14:01:32 UTC 2025","","replaceCodePoint","",""
"","0","StudioCMSRoutes.fts contains expected keys","routeMap","Tue Oct 14 14:01:07 UTC 2025","passed","Tue Oct 14 14:01:07 UTC 2025","","","",""
"","0","parseAPIContextJson: should parse JSON without schema","API Context Utils","Tue Oct 14 14:01:13 UTC 2025","passed","Tue Oct 14 14:01:13 UTC 2025","","","",""
"","4","Renderer with props 3","Renderer component","Tue Oct 14 14:01:43 UTC 2025","passed","Tue Oct 14 14:01:43 UTC 2025","","","",""
"","0","returns PageDataCacheObject with correct data and timestamp","pageDataReturn","Tue Oct 14 14:01:05 UTC 2025","passed","Tue Oct 14 14:01:05 UTC 2025","","","",""
"","0","remapFilterSitemap filters by package and handles empty array","getBlogRoute","Tue Oct 14 14:01:23 UTC 2025","passed","Tue Oct 14 14:01:23 UTC 2025","","","",""
"","0","should handle leading newlines","String Utilities","Tue Oct 14 14:01:01 UTC 2025","passed","Tue Oct 14 14:01:01 UTC 2025","","dedent","",""
"","11","handles async rendering","renderReact","Tue Oct 14 14:01:05 UTC 2025","passed","Tue Oct 14 14:01:05 UTC 2025","","","",""
"","2","runEffect rejects Effect with error","Effect Utilities","Tue Oct 14 14:01:39 UTC 2025","passed","Tue Oct 14 14:01:39 UTC 2025","","","",""
"","0","renders with mixed content types","ReactWrapper.astro","Tue Oct 14 14:01:03 UTC 2025","passed","Tue Oct 14 14:01:03 UTC 2025","","","",""
"","0","should configure Google OAuth provider in studiocms config hook","@studiocms/google","Tue Oct 14 14:01:08 UTC 2025","passed","Tue Oct 14 14:01:08 UTC 2025","","hooks","",""
"","2","render component","Components Container tests","Tue Oct 14 14:01:12 UTC 2025","passed","Tue Oct 14 14:01:12 UTC 2025","ThreeCanvasLoader component","Auth components","",""
"","4","should call studiocms:astro:config hook with addIntegrations and set shared.htmlConfig","studiocmsHTML","Tue Oct 14 14:01:07 UTC 2025","passed","Tue Oct 14 14:01:07 UTC 2025","","plugin hooks","",""
"","6","passes bundle and external dependencies if --bundle is passed","builder","Tue Oct 14 14:01:13 UTC 2025","passed","Tue Oct 14 14:01:13 UTC 2025","","","",""
"","1","should allow overriding all values","dashboardConfigSchema","Tue Oct 14 14:01:31 UTC 2025","passed","Tue Oct 14 14:01:31 UTC 2025","","","",""
"","0","returns red for >100","webVitalsUtils","Tue Oct 14 14:01:00 UTC 2025","passed","Tue Oct 14 14:01:00 UTC 2025","","progressBarInpTrackColor","",""
"","1","should add items to last30DaysData if isInLast30Days is true","buildDataObject","Tue Oct 14 14:01:17 UTC 2025","passed","Tue Oct 14 14:01:17 UTC 2025","","","",""
"","0","AstroConfigViteSettings should set chunkSizeWarningLimit","consts.ts","Tue Oct 14 14:01:07 UTC 2025","passed","Tue Oct 14 14:01:07 UTC 2025","","","",""
"","0","should have hooks object","@studiocms/github","Tue Oct 14 14:01:08 UTC 2025","passed","Tue Oct 14 14:01:08 UTC 2025","","plugin structure","",""
"","2","should create integration with custom options","StudioCMS DevApps Integration","Tue Oct 14 14:01:39 UTC 2025","passed","Tue Oct 14 14:01:39 UTC 2025","","studioCMSDevApps","",""
"","0","should handle route with leading slash","makePublicRoute","Tue Oct 14 14:01:41 UTC 2025","passed","Tue Oct 14 14:01:41 UTC 2025","","","",""
"","1","setOAuthSessionTokenCookie sets OAuth cookie","Session Module","Tue Oct 14 14:01:12 UTC 2025","passed","Tue Oct 14 14:01:12 UTC 2025","","","",""
"","23","runs build with correct esbuild options","builder","Tue Oct 14 14:01:13 UTC 2025","passed","Tue Oct 14 14:01:13 UTC 2025","","","",""
"","1","should handle empty content","app-utils","Tue Oct 14 14:01:06 UTC 2025","passed","Tue Oct 14 14:01:06 UTC 2025","","createWindowElement","",""
"","0","verifyPasswordLength returns error for short password","Password Utils","Tue Oct 14 14:01:26 UTC 2025","passed","Tue Oct 14 14:01:26 UTC 2025","","","",""
"","1","returns PasswordModConfigFinal with default scrypt params","Config Helper","Tue Oct 14 14:01:04 UTC 2025","passed","Tue Oct 14 14:01:04 UTC 2025","","makePasswordModConfig","",""
"","10","parses GitHub usernames to links","loadChangelog","Tue Oct 14 14:01:20 UTC 2025","passed","Tue Oct 14 14:01:20 UTC 2025","","","",""
"","0","should handle consecutive underscores","String Utilities","Tue Oct 14 14:01:01 UTC 2025","passed","Tue Oct 14 14:01:01 UTC 2025","","convertUnderscoresToHyphens","",""
"","21","Footer renders correctly","Footer component","Tue Oct 14 14:01:47 UTC 2025","passed","Tue Oct 14 14:01:47 UTC 2025","","","",""
"","0","should handle file system operations","tryCatch","Tue Oct 14 14:01:01 UTC 2025","passed","Tue Oct 14 14:01:01 UTC 2025","","real-world usage examples","",""
"","3","plugin sets up astro config integration","StudioCMS MarkDoc Plugin","Tue Oct 14 14:01:06 UTC 2025","passed","Tue Oct 14 14:01:06 UTC 2025","","","",""
"","1","mergeHead overwrites by new head","headConfigSchema","Tue Oct 14 14:01:14 UTC 2025","passed","Tue Oct 14 14:01:14 UTC 2025","","","",""
"","2","should create a plugin with StudioCMS flavor options","studiocmsMD","Tue Oct 14 14:00:55 UTC 2025","passed","Tue Oct 14 14:00:55 UTC 2025","","plugin creation","",""
"","6","verifySafe returns error for unsafe password","Password Utils","Tue Oct 14 14:01:26 UTC 2025","passed","Tue Oct 14 14:01:26 UTC 2025","","","",""
"","0","returns correct export statement for valid input","pageContentComponentFilter","Tue Oct 14 14:01:33 UTC 2025","passed","Tue Oct 14 14:01:33 UTC 2025","","","",""
"","1","generateToken returns a JWT string","SDKCore_Generators","Tue Oct 14 14:01:33 UTC 2025","passed","Tue Oct 14 14:01:33 UTC 2025","","","",""
"","1","should add items to historicalData if name matches collect","buildDataObject","Tue Oct 14 14:01:17 UTC 2025","passed","Tue Oct 14 14:01:17 UTC 2025","","","",""
"","0","returns defaultValue if paths is empty string","Middleware Utils","Tue Oct 14 14:01:17 UTC 2025","passed","Tue Oct 14 14:01:17 UTC 2025","","matchFilterCheck","",""
"","0","returns green for <=2.5s","webVitalsUtils","Tue Oct 14 14:01:00 UTC 2025","passed","Tue Oct 14 14:01:00 UTC 2025","","progressBarLcpColor","",""
"","1","warns if cache read error is not ENOENT","getLatestVersion","Tue Oct 14 14:01:13 UTC 2025","passed","Tue Oct 14 14:01:13 UTC 2025","","","",""
"","5","renders editor without page id","WYSIWYG Editor Component","Tue Oct 14 14:01:30 UTC 2025","passed","Tue Oct 14 14:01:30 UTC 2025","","","",""
"","0","rejects missing required fields","SafePluginListItemSchema","Tue Oct 14 14:01:22 UTC 2025","passed","Tue Oct 14 14:01:22 UTC 2025","","","",""
"","0","should remove trailing slash from path","pathGenerator utilities","Tue Oct 14 14:01:21 UTC 2025","passed","Tue Oct 14 14:01:21 UTC 2025","","stripTrailingSlash","",""
"","0","returns -1 for invalid branch","determineBranch","Tue Oct 14 14:01:22 UTC 2025","passed","Tue Oct 14 14:01:22 UTC 2025","","","",""
"","1","should dispatch toggle-app event when clicking outside","app-utils","Tue Oct 14 14:01:06 UTC 2025","passed","Tue Oct 14 14:01:06 UTC 2025","","closeOnOutsideClick","",""
"","1","should initialize with undefined htmlConfig when globalThis is empty","shared module","Tue Oct 14 14:01:18 UTC 2025","passed","Tue Oct 14 14:01:18 UTC 2025","","shared object","",""
"","2","render component","Components Container tests","Tue Oct 14 14:01:12 UTC 2025","passed","Tue Oct 14 14:01:12 UTC 2025","OAuthButton component","Auth components","",""
"","0","applies default values","Zod Utils","Tue Oct 14 14:01:19 UTC 2025","passed","Tue Oct 14 14:01:19 UTC 2025","","parseConfig","",""
"","1","should handle async function that returns undefined","tryCatch","Tue Oct 14 14:01:01 UTC 2025","passed","Tue Oct 14 14:01:01 UTC 2025","","edge cases","",""
"","11","renderMarkDoc handles async renderer","MarkDoc Render Library","Tue Oct 14 14:00:58 UTC 2025","passed","Tue Oct 14 14:00:58 UTC 2025","","","",""
"","0","should handle plugin creation with null nested properties","studiocmsMDX","Tue Oct 14 14:00:57 UTC 2025","passed","Tue Oct 14 14:00:57 UTC 2025","","Edge cases","",""
"","0","should use custom default value","TemplateRenderer","Tue Oct 14 14:01:21 UTC 2025","passed","Tue Oct 14 14:01:21 UTC 2025","","Missing variables","",""
"","0","should aggregate page views for last24HoursData","buildPageRouteDataObject","Tue Oct 14 14:01:24 UTC 2025","passed","Tue Oct 14 14:01:24 UTC 2025","","","",""
"","0","should accept full config","authConfigSchema","Tue Oct 14 14:01:24 UTC 2025","passed","Tue Oct 14 14:01:24 UTC 2025","","","",""
"","0","returns input if no entities present","decodeHTML (edge cases)","Tue Oct 14 14:01:22 UTC 2025","passed","Tue Oct 14 14:01:22 UTC 2025","","","",""
"","2","should configure Astro ENV with correct schema","Cloudinary Image Service Plugin","Tue Oct 14 14:00:56 UTC 2025","passed","Tue Oct 14 14:00:56 UTC 2025","CloudinaryENVIntegration","plugin hooks","",""
"","0","should return the notification template","getTemplate","Tue Oct 14 14:01:46 UTC 2025","passed","Tue Oct 14 14:01:46 UTC 2025","","","",""
"","0","should handle empty first line","String Utilities","Tue Oct 14 14:01:01 UTC 2025","passed","Tue Oct 14 14:01:01 UTC 2025","","dedent","",""
"","31","RSSIcon renders correctly","RSSIcon component","Tue Oct 14 14:01:44 UTC 2025","passed","Tue Oct 14 14:01:44 UTC 2025","","","",""
"","0","should default demoMode to false if not provided","developerConfigSchema","Tue Oct 14 14:01:38 UTC 2025","passed","Tue Oct 14 14:01:38 UTC 2025","","","",""
"","0","type allows undefined","WYSIWYG Types and Schema","Tue Oct 14 14:01:07 UTC 2025","passed","Tue Oct 14 14:01:07 UTC 2025","","WYSIWYGSchemaOptions type","",""
"","0","handles object with cacheConfig boolean","SDKSchema","Tue Oct 14 14:01:16 UTC 2025","passed","Tue Oct 14 14:01:16 UTC 2025","","","",""
"","5","returns an Effect-wrapped resolver that resolves paths correctly","resolver","Tue Oct 14 14:01:35 UTC 2025","passed","Tue Oct 14 14:01:35 UTC 2025","","","",""
"","1","should return null result and error for throwing sync function","tryCatch","Tue Oct 14 14:01:01 UTC 2025","passed","Tue Oct 14 14:01:01 UTC 2025","","with synchronous functions","",""
"","3","should fail with LibSQLClientError on error","DrizzleDBClientService","Tue Oct 14 14:01:15 UTC 2025","passed","Tue Oct 14 14:01:15 UTC 2025","","execute","",""
"","0","accepts an array of valid plugin list items","SafePluginListSchema","Tue Oct 14 14:01:22 UTC 2025","passed","Tue Oct 14 14:01:22 UTC 2025","","","",""
"","0","should allow custom message and hint","StudioCMSError","Tue Oct 14 14:01:41 UTC 2025","passed","Tue Oct 14 14:01:41 UTC 2025","","","",""
"","4","Renderer with props 2","Renderer component","Tue Oct 14 14:01:42 UTC 2025","passed","Tue Oct 14 14:01:42 UTC 2025","","","",""
"","0","should handle resolving promise directly","tryCatch","Tue Oct 14 14:01:01 UTC 2025","passed","Tue Oct 14 14:01:01 UTC 2025","","with direct promise values","",""
"","1","StudioCMSDefaultRobotsConfig should generate correct config","consts.ts","Tue Oct 14 14:01:07 UTC 2025","passed","Tue Oct 14 14:01:07 UTC 2025","","","",""
"","0","renderMarkDoc with all configuration options","MarkDoc Render Library","Tue Oct 14 14:00:58 UTC 2025","passed","Tue Oct 14 14:00:58 UTC 2025","","","",""
"","0","should include GitHub SVG logo","@studiocms/github","Tue Oct 14 14:01:08 UTC 2025","passed","Tue Oct 14 14:01:08 UTC 2025","","hooks","",""
"","1","passes the correct resolve function to the callback","resolver","Tue Oct 14 14:01:35 UTC 2025","passed","Tue Oct 14 14:01:35 UTC 2025","","","",""
"","1","should define required environment variables","@studiocms/auth0","Tue Oct 14 14:01:07 UTC 2025","passed","Tue Oct 14 14:01:07 UTC 2025","","hooks","",""
"","1","fileWithBase strips leading slash and prepends one","pathGenerators","Tue Oct 14 14:01:23 UTC 2025","passed","Tue Oct 14 14:01:23 UTC 2025","","","",""
"","2","Renderer handles null content","MDX Renderer component","Tue Oct 14 14:01:11 UTC 2025","passed","Tue Oct 14 14:01:11 UTC 2025","","Edge cases","",""
"","1","should handle special characters in image source","cloudinaryImageService","Tue Oct 14 14:01:03 UTC 2025","passed","Tue Oct 14 14:01:03 UTC 2025","","edge cases","",""
"","2","does not render menu if shouldSkipRendering returns true","UserQuickTools custom element","Tue Oct 14 14:01:48 UTC 2025","passed","Tue Oct 14 14:01:48 UTC 2025","","","",""
"","2","createHead merges and sorts head configs","headConfigSchema","Tue Oct 14 14:01:14 UTC 2025","passed","Tue Oct 14 14:01:14 UTC 2025","","","",""
"","2","generateRandomPassword returns a string of correct length","SDKCore_Generators","Tue Oct 14 14:01:33 UTC 2025","passed","Tue Oct 14 14:01:33 UTC 2025","","","",""
"","3","updates text content when translation changes","makeTranslation","Tue Oct 14 14:01:48 UTC 2025","passed","Tue Oct 14 14:01:48 UTC 2025","","","",""
"","2","should set up virtual imports correctly","studiocmsMDX","Tue Oct 14 14:00:57 UTC 2025","passed","Tue Oct 14 14:00:57 UTC 2025","","plugin hooks","",""
"","0","toComponentProxyError should handle errors without message property","prefixError","Tue Oct 14 14:01:24 UTC 2025","passed","Tue Oct 14 14:01:24 UTC 2025","","","",""
"","2","merges plugin values without overwriting general/security","setLocals","Tue Oct 14 14:01:14 UTC 2025","passed","Tue Oct 14 14:01:14 UTC 2025","","","",""
"","0","returns site defaultOgImage if hero is empty string","heroHelper tests","Tue Oct 14 14:01:20 UTC 2025","passed","Tue Oct 14 14:01:20 UTC 2025","getHeroImage","trimInput","",""
"","0","should contain a valid Unsplash URL","FALLBACK_OG_IMAGE","Tue Oct 14 14:01:46 UTC 2025","passed","Tue Oct 14 14:01:46 UTC 2025","","","",""
"","16","Editor with no props","MDX Editor component","Tue Oct 14 14:01:16 UTC 2025","passed","Tue Oct 14 14:01:16 UTC 2025","","Edge cases","",""
"","1","should configure GitHub OAuth provider in studiocms config hook","@studiocms/github","Tue Oct 14 14:01:08 UTC 2025","passed","Tue Oct 14 14:01:08 UTC 2025","","hooks","",""
"","0","does not warn if cache read error is ENOENT","getLatestVersion","Tue Oct 14 14:01:13 UTC 2025","passed","Tue Oct 14 14:01:13 UTC 2025","","","",""
"","7","HeadConfigSchema parses valid config","headConfigSchema","Tue Oct 14 14:01:14 UTC 2025","passed","Tue Oct 14 14:01:14 UTC 2025","","","",""
"","4","Editor with empty content","MDX Editor component","Tue Oct 14 14:01:16 UTC 2025","passed","Tue Oct 14 14:01:16 UTC 2025","","","",""
"","2","getUserFromEmail returns user for valid email","User Module","Tue Oct 14 14:01:03 UTC 2025","passed","Tue Oct 14 14:01:03 UTC 2025","","","",""
"","1","should add CloudinaryENVIntegration","Cloudinary Image Service Plugin","Tue Oct 14 14:00:56 UTC 2025","passed","Tue Oct 14 14:00:56 UTC 2025","studiocms:astro:config hook","plugin hooks","",""
"","1","plugin validates schema options","StudioCMS WYSIWYG Plugin","Tue Oct 14 14:01:15 UTC 2025","passed","Tue Oct 14 14:01:15 UTC 2025","","","",""
"","0","should create layer with makeLayer","WordPress API Configs","Tue Oct 14 14:00:58 UTC 2025","passed","Tue Oct 14 14:00:58 UTC 2025","","RawPageData","",""
"","0","should inject verbose flag into logger stub","buildLoggerVirtual","Tue Oct 14 14:01:21 UTC 2025","passed","Tue Oct 14 14:01:21 UTC 2025","","","",""
"","1","merges inlineConfig and configFile, configFile takes precedence","Zod Utils","Tue Oct 14 14:01:19 UTC 2025","passed","Tue Oct 14 14:01:19 UTC 2025","","parseAndMerge","",""
"","0","returns yellow for >2.5s and <=4s","webVitalsUtils","Tue Oct 14 14:01:00 UTC 2025","passed","Tue Oct 14 14:01:00 UTC 2025","","progressBarLcpColor","",""
"","34","BaseHead with minimal props","BaseHead component","Tue Oct 14 14:01:30 UTC 2025","passed","Tue Oct 14 14:01:30 UTC 2025","","","",""
"","3","plugin creation with default options","StudioCMS WYSIWYG Plugin","Tue Oct 14 14:01:15 UTC 2025","passed","Tue Oct 14 14:01:15 UTC 2025","","","",""
"","30","renders editor with basic content","WYSIWYG Editor Component","Tue Oct 14 14:01:29 UTC 2025","passed","Tue Oct 14 14:01:30 UTC 2025","","","",""
"","30","parses interface props with JSDoc","PropsParser","Tue Oct 14 14:01:20 UTC 2025","passed","Tue Oct 14 14:01:21 UTC 2025","","parseComponentProps","",""
"","0","should accept allowUserRegistration as false","localUsernameAndPasswordConfig","Tue Oct 14 14:01:24 UTC 2025","passed","Tue Oct 14 14:01:24 UTC 2025","","","",""
"","3","should return an AstroIntegration object with correct name","robotsTXT","Tue Oct 14 14:01:45 UTC 2025","passed","Tue Oct 14 14:01:45 UTC 2025","","","",""
"","1","should not dispatch toggle-app event when clicking inside astro-dev-toolbar","app-utils","Tue Oct 14 14:01:06 UTC 2025","passed","Tue Oct 14 14:01:06 UTC 2025","","closeOnOutsideClick","",""
"","1","should return a valid StudioCMSPlugin object","@studiocms/discord","Tue Oct 14 14:01:08 UTC 2025","passed","Tue Oct 14 14:01:08 UTC 2025","","plugin creation","",""
"","3","Renderer with props 2","Renderer component","Tue Oct 14 14:01:42 UTC 2025","passed","Tue Oct 14 14:01:42 UTC 2025","","","",""
"","0","should handle custom error types","tryCatch","Tue Oct 14 14:01:01 UTC 2025","passed","Tue Oct 14 14:01:01 UTC 2025","","error handling and types","",""
"","0","should resolve namespaced built-in modules","nodeNamespaceBuiltinsAstro","Tue Oct 14 14:01:31 UTC 2025","passed","Tue Oct 14 14:01:31 UTC 2025","","resolveBuiltIns","",""
"","0","handles empty string","Utils","Tue Oct 14 14:01:16 UTC 2025","passed","Tue Oct 14 14:01:16 UTC 2025","","firstUpperCase","",""
"","1","should create multiple API routes with the provided handlers","Api-Route Tests","Tue Oct 14 14:01:00 UTC 2025","passed","Tue Oct 14 14:01:00 UTC 2025","","createEffectAPIRoutes tests","",""
"","1","should reject invalid metadata structure","WordPress API Schema","Tue Oct 14 14:00:59 UTC 2025","passed","Tue Oct 14 14:00:59 UTC 2025","","MetaDataSchema","",""
"","0","returns correct percent for ranges","webVitalsUtils","Tue Oct 14 14:01:00 UTC 2025","passed","Tue Oct 14 14:01:00 UTC 2025","","calculateLcpScorePercent","",""
"","1","fails on invalid JSON in pageMetaData","SDKCore_Parsers","Tue Oct 14 14:01:16 UTC 2025","passed","Tue Oct 14 14:01:16 UTC 2025","","fixDiff","",""
"","0","should return a 302 response with Location header","response-helpers","Tue Oct 14 14:01:12 UTC 2025","passed","Tue Oct 14 14:01:12 UTC 2025","","createRedirectResponse","",""
"","0","should format error prefix in red","getEventPrefix","Tue Oct 14 14:01:19 UTC 2025","passed","Tue Oct 14 14:01:19 UTC 2025","","","",""
"","0","makeNonDashboardRoute returns correct route with argument","routeMap","Tue Oct 14 14:01:07 UTC 2025","passed","Tue Oct 14 14:01:07 UTC 2025","","","",""
"","0","handles extra properties gracefully","WYSIWYG Types and Schema","Tue Oct 14 14:01:07 UTC 2025","passed","Tue Oct 14 14:01:07 UTC 2025","","WYSIWYGSchema","",""
"","0","renderMarkDoc handles whitespace content","MarkDoc Render Library","Tue Oct 14 14:00:58 UTC 2025","passed","Tue Oct 14 14:00:58 UTC 2025","","","",""
"","34","catches errors thrown in the callback and returns an Error","resolver","Tue Oct 14 14:01:35 UTC 2025","passed","Tue Oct 14 14:01:35 UTC 2025","","","",""
"","0","should allow specific attributes when configured","transformHTML","Tue Oct 14 14:01:06 UTC 2025","passed","Tue Oct 14 14:01:06 UTC 2025","","sanitization with custom options","",""
"","4","Renderer with props 1","Renderer component","Tue Oct 14 14:01:43 UTC 2025","passed","Tue Oct 14 14:01:43 UTC 2025","","","",""
"","7","verifyUsernameSafe returns error for unsafe username","User Utils","Tue Oct 14 14:01:21 UTC 2025","passed","Tue Oct 14 14:01:21 UTC 2025","","","",""
"","0","should generate REST API route for given version","restRoute","Tue Oct 14 14:01:34 UTC 2025","passed","Tue Oct 14 14:01:34 UTC 2025","","","",""
"","1","shouldSkipRendering returns true for known API routes","Route logic","Tue Oct 14 14:01:48 UTC 2025","passed","Tue Oct 14 14:01:48 UTC 2025","","","",""
"","1","verifySafe returns undefined for safe password","Password Utils","Tue Oct 14 14:01:26 UTC 2025","passed","Tue Oct 14 14:01:26 UTC 2025","","","",""
"","0","should handle null/undefined error gracefully","prefixError","Tue Oct 14 14:01:24 UTC 2025","passed","Tue Oct 14 14:01:24 UTC 2025","","","",""
"","0","remapFilterSitemap returns correct locations (uncurried)","getBlogRoute","Tue Oct 14 14:01:23 UTC 2025","passed","Tue Oct 14 14:01:23 UTC 2025","","","",""
"","1","should validate StudioCMS flavor schema correctly","studiocmsMD","Tue Oct 14 14:00:55 UTC 2025","passed","Tue Oct 14 14:00:55 UTC 2025","","schema validation","",""
"","1","should validate a row field with nested fields","SettingsFieldSchema","Tue Oct 14 14:01:06 UTC 2025","passed","Tue Oct 14 14:01:06 UTC 2025","","","",""
"","1","handles database operations","WYSIWYG Store Route","Tue Oct 14 14:01:00 UTC 2025","passed","Tue Oct 14 14:01:00 UTC 2025","","","",""
"","0","generates correct fetch URL for desktop","webVitalsUtils","Tue Oct 14 14:01:00 UTC 2025","passed","Tue Oct 14 14:01:00 UTC 2025","","generateLighthouseFetchUrl","",""
"","0","should handle null values","TemplateRenderer","Tue Oct 14 14:01:21 UTC 2025","passed","Tue Oct 14 14:01:21 UTC 2025","","Data types","",""
"","1","should return true for a date within the last 24 hours","checkDate","Tue Oct 14 14:01:32 UTC 2025","passed","Tue Oct 14 14:01:32 UTC 2025","","","",""
"","0","should create DownloadPostImageConfig","WordPress API Configs","Tue Oct 14 14:00:58 UTC 2025","passed","Tue Oct 14 14:00:58 UTC 2025","","DownloadPostImageConfig","",""
"","0","should format options as a comma-separated string","formatNotificationOptions","Tue Oct 14 14:01:32 UTC 2025","passed","Tue Oct 14 14:01:32 UTC 2025","","","",""
"","1","should throw if value is negative","RouteSummaryRowSchema","Tue Oct 14 14:01:21 UTC 2025","passed","Tue Oct 14 14:01:21 UTC 2025","","","",""
"","0","should have the correct description","shared module","Tue Oct 14 14:01:18 UTC 2025","passed","Tue Oct 14 14:01:18 UTC 2025","","symbol","",""
"","11","CheckIfUnsafe.username returns true for a reserved username","CheckIfUnsafe Utils","Tue Oct 14 14:01:36 UTC 2025","passed","Tue Oct 14 14:01:36 UTC 2025","","","",""
"","1","returns VersionCacheObject with correct version and timestamp","versionReturn","Tue Oct 14 14:01:05 UTC 2025","passed","Tue Oct 14 14:01:05 UTC 2025","","","",""
"","0","decodes XML entities when EntityLevel.XML is specified","decode","Tue Oct 14 14:01:32 UTC 2025","passed","Tue Oct 14 14:01:32 UTC 2025","","","",""
"","0","should export correct StudioCMS social links","consts.ts","Tue Oct 14 14:01:07 UTC 2025","passed","Tue Oct 14 14:01:07 UTC 2025","","","",""
"","0","cacheConfig should be defined","cacheConfig and isCacheEnabled","Tue Oct 14 14:01:05 UTC 2025","passed","Tue Oct 14 14:01:05 UTC 2025","","","",""
"","0","should handle empty path string","makeAPIRoute","Tue Oct 14 14:01:34 UTC 2025","passed","Tue Oct 14 14:01:34 UTC 2025","","","",""
"","0","should have studiocms:config:setup hook","@studiocms/auth0","Tue Oct 14 14:01:07 UTC 2025","passed","Tue Oct 14 14:01:07 UTC 2025","","hook implementation","",""
"","0","should handle function that returns a promise","tryCatch","Tue Oct 14 14:01:01 UTC 2025","passed","Tue Oct 14 14:01:01 UTC 2025","","with asynchronous functions","",""
"","0","Editor validates props interface","Editor component","Tue Oct 14 14:01:06 UTC 2025","passed","Tue Oct 14 14:01:06 UTC 2025","","","",""
"","0","isDashboardRoute returns correct values","Route logic","Tue Oct 14 14:01:48 UTC 2025","passed","Tue Oct 14 14:01:48 UTC 2025","","","",""
"","2","getSluggedRoute returns correct slugged route","routeMap","Tue Oct 14 14:01:07 UTC 2025","passed","Tue Oct 14 14:01:07 UTC 2025","","","",""
"","5","Renderer with props 1","Renderer component","Tue Oct 14 14:01:42 UTC 2025","passed","Tue Oct 14 14:01:42 UTC 2025","","","",""
"","0","logs warning for type ""warn""","throwMsg","Tue Oct 14 14:01:03 UTC 2025","passed","Tue Oct 14 14:01:03 UTC 2025","","","",""
"","2","should return a function that generates correct API route","makeAPIRoute","Tue Oct 14 14:01:34 UTC 2025","passed","Tue Oct 14 14:01:34 UTC 2025","","","",""
"","0","should allow empty HTMLSchemaOptions","HTMLSchema","Tue Oct 14 14:01:27 UTC 2025","passed","Tue Oct 14 14:01:27 UTC 2025","","type inference","",""
"","4","render component with content","Virtual Components Container tests","Tue Oct 14 14:01:34 UTC 2025","passed","Tue Oct 14 14:01:34 UTC 2025","","Renderer component","",""
"","2","should handle render errors gracefully","renderMDX","Tue Oct 14 14:00:55 UTC 2025","passed","Tue Oct 14 14:00:55 UTC 2025","","","",""
"","1","should handle different image dimensions","cloudinaryImageService","Tue Oct 14 14:01:03 UTC 2025","passed","Tue Oct 14 14:01:03 UTC 2025","","successful image generation","",""
"","0","handles boolean false","SDKSchema","Tue Oct 14 14:01:16 UTC 2025","passed","Tue Oct 14 14:01:16 UTC 2025","","","",""
"","1","throws error if comp is undefined","rendererComponentFilter","Tue Oct 14 14:01:33 UTC 2025","passed","Tue Oct 14 14:01:33 UTC 2025","","","",""
"","7","should import bundled code and return module","Config Loader Utils","Tue Oct 14 14:01:01 UTC 2025","passed","Tue Oct 14 14:01:01 UTC 2025","","importBundledFile","",""
"","273","verifyPasswordStrength returns true for a strong password","Password Module","Tue Oct 14 14:01:31 UTC 2025","passed","Tue Oct 14 14:01:31 UTC 2025","","","",""
"","0","plugin exports default function","StudioCMS WYSIWYG Plugin","Tue Oct 14 14:01:15 UTC 2025","passed","Tue Oct 14 14:01:15 UTC 2025","","","",""
"","11","render component","Components Container tests","Tue Oct 14 14:01:12 UTC 2025","passed","Tue Oct 14 14:01:12 UTC 2025","FallbackCanvas component","Auth components","",""
"","2","should set the correct name and message","StudioCMS_SDK_Error","Tue Oct 14 14:01:40 UTC 2025","passed","Tue Oct 14 14:01:40 UTC 2025","","","",""
"","2","renderMarkDoc with transformConfig configuration","MarkDoc Render Library","Tue Oct 14 14:00:58 UTC 2025","passed","Tue Oct 14 14:00:58 UTC 2025","","","",""
"","0","should convert multiple hyphens to underscores","String Utilities","Tue Oct 14 14:01:01 UTC 2025","passed","Tue Oct 14 14:01:01 UTC 2025","","convertHyphensToUnderscores","",""
"","2","throws on invalid config","Zod Utils","Tue Oct 14 14:01:19 UTC 2025","passed","Tue Oct 14 14:01:19 UTC 2025","","parseConfig","",""
"","1","should allow custom status and headers","response-helpers","Tue Oct 14 14:01:12 UTC 2025","passed","Tue Oct 14 14:01:12 UTC 2025","","createJsonResponse","",""
"","0","appendSearchParamsToUrl (uncurried) appends param","Effect Utilities","Tue Oct 14 14:01:39 UTC 2025","passed","Tue Oct 14 14:01:39 UTC 2025","","","",""
"","2","should add app-toggled event listener","app-utils","Tue Oct 14 14:01:06 UTC 2025","passed","Tue Oct 14 14:01:06 UTC 2025","","closeOnOutsideClick","",""
"","5","should return a 204 response with correct headers","response-helpers","Tue Oct 14 14:01:12 UTC 2025","passed","Tue Oct 14 14:01:12 UTC 2025","","OptionsResponse","",""
"","98","verifyPasswordHash returns false for incorrect password","Password Module","Tue Oct 14 14:01:31 UTC 2025","passed","Tue Oct 14 14:01:31 UTC 2025","","","",""
"","0","renderMarkDoc handles complex content","MarkDoc Render Library","Tue Oct 14 14:00:58 UTC 2025","passed","Tue Oct 14 14:00:58 UTC 2025","","","",""
"","1","throws SyntaxError on invalid JSON","jsonParse","Tue Oct 14 14:01:40 UTC 2025","passed","Tue Oct 14 14:01:40 UTC 2025","","","",""
"","3","Editor with null content","MDX Editor component","Tue Oct 14 14:01:16 UTC 2025","passed","Tue Oct 14 14:01:16 UTC 2025","","Edge cases","",""
"","0","renders with deeply nested content","ReactWrapper.astro","Tue Oct 14 14:01:03 UTC 2025","passed","Tue Oct 14 14:01:03 UTC 2025","","","",""
"","1","validates sanitize with allowElements only","WYSIWYG Types and Schema","Tue Oct 14 14:01:07 UTC 2025","passed","Tue Oct 14 14:01:07 UTC 2025","","WYSIWYGSchema","",""
"","1","createRenderer handles different content types","WYSIWYG Partial Route","Tue Oct 14 14:01:30 UTC 2025","passed","Tue Oct 14 14:01:30 UTC 2025","","","",""
"","3","should call fn with context and return the response from runEffect","Api-Route Tests","Tue Oct 14 14:01:00 UTC 2025","passed","Tue Oct 14 14:01:00 UTC 2025","","defineAPIRoute tests (deprecated Utility)","",""
"","1","should reject invalid colorway values","StudioCMSColorway","Tue Oct 14 14:01:06 UTC 2025","passed","Tue Oct 14 14:01:06 UTC 2025","","","",""
"","1","respects verbose flag for info messages","logMessages","Tue Oct 14 14:01:14 UTC 2025","passed","Tue Oct 14 14:01:14 UTC 2025","","","",""
"","0","should allow partial blog config and fill defaults","FrontEndConfigSchema","Tue Oct 14 14:01:29 UTC 2025","passed","Tue Oct 14 14:01:29 UTC 2025","","","",""
"","1","handles empty components object","renderReact","Tue Oct 14 14:01:05 UTC 2025","passed","Tue Oct 14 14:01:05 UTC 2025","","","",""
"","0","returns the first configUrl if multiple exist","Watcher Utils","Tue Oct 14 14:01:31 UTC 2025","passed","Tue Oct 14 14:01:31 UTC 2025","","findConfig","",""
"","1","should export default function","@studiocms/auth0","Tue Oct 14 14:01:07 UTC 2025","passed","Tue Oct 14 14:01:07 UTC 2025","","plugin creation","",""
"","0","serviceName returns correct service name","Libravatar Utils","Tue Oct 14 14:01:18 UTC 2025","passed","Tue Oct 14 14:01:18 UTC 2025","","","",""
"","4","toComponentProxyError should handle undefined error gracefully","prefixError","Tue Oct 14 14:01:24 UTC 2025","passed","Tue Oct 14 14:01:24 UTC 2025","","","",""
"","3","Renderer with MDX content including JSX-like syntax","MDX Renderer component","Tue Oct 14 14:01:11 UTC 2025","passed","Tue Oct 14 14:01:11 UTC 2025","","","",""
"","4","render component","Components Container tests","Tue Oct 14 14:01:12 UTC 2025","passed","Tue Oct 14 14:01:12 UTC 2025","Favicons component","Shared components","",""
"","0","should export GhostUserDefaults","consts.ts","Tue Oct 14 14:01:07 UTC 2025","passed","Tue Oct 14 14:01:07 UTC 2025","","","",""
"","0","returns replacement character for code points above Unicode range","decode-codepoint","Tue Oct 14 14:01:32 UTC 2025","passed","Tue Oct 14 14:01:32 UTC 2025","","replaceCodePoint","",""
"","3","should default allowUserRegistration to true","localUsernameAndPasswordConfig","Tue Oct 14 14:01:24 UTC 2025","passed","Tue Oct 14 14:01:24 UTC 2025","","","",""
"","0","should create layer with makeLayer","WordPress API Configs","Tue Oct 14 14:00:58 UTC 2025","passed","Tue Oct 14 14:00:58 UTC 2025","","DownloadImageConfig","",""
"","0","should validate navigation links","FrontendNavigationLinksSchema","Tue Oct 14 14:01:06 UTC 2025","passed","Tue Oct 14 14:01:06 UTC 2025","","","",""
"","2","handles decoding errors gracefully","createComponentProxy","Tue Oct 14 14:01:14 UTC 2025","passed","Tue Oct 14 14:01:14 UTC 2025","","","",""
"","0","should configure Google as OAuth provider","@studiocms/google","Tue Oct 14 14:01:08 UTC 2025","passed","Tue Oct 14 14:01:08 UTC 2025","","OAuth provider configuration","",""
"","0","should strip trailing slash from base","pathGenerator utilities","Tue Oct 14 14:01:21 UTC 2025","passed","Tue Oct 14 14:01:21 UTC 2025","","pathWithBase","",""
"","0","should handle string with only hyphens","String Utilities","Tue Oct 14 14:01:01 UTC 2025","passed","Tue Oct 14 14:01:01 UTC 2025","","convertHyphensToUnderscores","",""
"","0","returns red for >0.25","webVitalsUtils","Tue Oct 14 14:01:00 UTC 2025","passed","Tue Oct 14 14:01:00 UTC 2025","","progressBarClsTrackColor","",""
"","0","includes all paths if includePaths is undefined","Middleware Utils","Tue Oct 14 14:01:18 UTC 2025","passed","Tue Oct 14 14:01:18 UTC 2025","","handlerFilter","",""
"","1","returns micromatch.isMatch result for array of patterns","Middleware Utils","Tue Oct 14 14:01:18 UTC 2025","passed","Tue Oct 14 14:01:18 UTC 2025","","matchFilterCheck","",""
"","0","srvHostname returns nulls for empty records","Libravatar Utils","Tue Oct 14 14:01:18 UTC 2025","passed","Tue Oct 14 14:01:18 UTC 2025","","","",""
"","2","should throw error for invalid options","studiocmsMD","Tue Oct 14 14:00:55 UTC 2025","passed","Tue Oct 14 14:00:55 UTC 2025","","plugin creation","",""
"","1","should allow custom blog config","FrontEndConfigSchema","Tue Oct 14 14:01:29 UTC 2025","passed","Tue Oct 14 14:01:29 UTC 2025","","","",""
"","13","should report unknown props","ComponentRegistry","Tue Oct 14 14:00:57 UTC 2025","passed","Tue Oct 14 14:00:57 UTC 2025","","validateProps","",""
"","4","should accept undefined options","HTMLSchema","Tue Oct 14 14:01:27 UTC 2025","passed","Tue Oct 14 14:01:27 UTC 2025","","validation","",""
"","0","should return the value of an existing cookie","getCookie","Tue Oct 14 14:01:29 UTC 2025","passed","Tue Oct 14 14:01:29 UTC 2025","","","",""
"","0","should create layer with makeLayer","WordPress API Configs","Tue Oct 14 14:00:58 UTC 2025","passed","Tue Oct 14 14:00:58 UTC 2025","","DownloadPostImageConfig","",""
"","1","isUserAllowed returns false if user does not have required permission","User Module","Tue Oct 14 14:01:03 UTC 2025","passed","Tue Oct 14 14:01:03 UTC 2025","","","",""
"","0","returns green for <=100","webVitalsUtils","Tue Oct 14 14:01:00 UTC 2025","passed","Tue Oct 14 14:01:00 UTC 2025","","progressBarInpColor","",""
"","2","should handle runtime errors in MDX evaluation","renderMDX","Tue Oct 14 14:00:55 UTC 2025","passed","Tue Oct 14 14:00:55 UTC 2025","","Edge cases","",""
"","0","handles strings with numbers","Utils","Tue Oct 14 14:01:16 UTC 2025","passed","Tue Oct 14 14:01:16 UTC 2025","","firstUpperCase","",""
"","0","logs info for file creation","printInfo","Tue Oct 14 14:01:03 UTC 2025","passed","Tue Oct 14 14:01:03 UTC 2025","","","",""
"","0","should export default function","@studiocms/google","Tue Oct 14 14:01:08 UTC 2025","passed","Tue Oct 14 14:01:08 UTC 2025","","plugin creation","",""
"","3","updates input placeholder","updateElmPlaceholder","Tue Oct 14 14:01:48 UTC 2025","passed","Tue Oct 14 14:01:48 UTC 2025","","","",""
"","1","should handle multiple imports consistently","shared module","Tue Oct 14 14:01:18 UTC 2025","passed","Tue Oct 14 14:01:18 UTC 2025","","globalThis integration","",""
"","21","appends the element to the DOM on initializeWhenReady","UserQuickTools custom element","Tue Oct 14 14:01:48 UTC 2025","passed","Tue Oct 14 14:01:48 UTC 2025","","","",""
"","2","should parse valid ratings","WebVitalsRatingSchema","Tue Oct 14 14:01:21 UTC 2025","passed","Tue Oct 14 14:01:21 UTC 2025","","","",""
"","1","should parse both core and additional metrics","WebVitalsMetricTypeSchema","Tue Oct 14 14:01:21 UTC 2025","passed","Tue Oct 14 14:01:21 UTC 2025","","","",""
"","0","sorts ascending by default","sortByDate","Tue Oct 14 14:01:34 UTC 2025","passed","Tue Oct 14 14:01:34 UTC 2025","","","",""
"","9","uses cjs format if --force-cjs is passed","builder","Tue Oct 14 14:01:13 UTC 2025","passed","Tue Oct 14 14:01:13 UTC 2025","","","",""
"","0","handles strings without underscores or prefix","safeString","Tue Oct 14 14:01:41 UTC 2025","passed","Tue Oct 14 14:01:41 UTC 2025","","","",""
"","6","should handle multiple component registration and validation workflow","ComponentRegistry","Tue Oct 14 14:00:57 UTC 2025","passed","Tue Oct 14 14:00:57 UTC 2025","","integration scenarios","",""
"","1","should return the value of an existing query param","getUrlParam","Tue Oct 14 14:01:29 UTC 2025","passed","Tue Oct 14 14:01:29 UTC 2025","","","",""
"","51","should handle very long running operations","tryCatch","Tue Oct 14 14:01:01 UTC 2025","passed","Tue Oct 14 14:01:01 UTC 2025","","edge cases","",""
"","0","should handle optional path parameter","WordPress API Configs","Tue Oct 14 14:00:58 UTC 2025","passed","Tue Oct 14 14:00:58 UTC 2025","","APIEndpointConfig","",""
"","0","should create UseBlogPkgConfig with useBlogPkg true","WordPress API Configs","Tue Oct 14 14:00:58 UTC 2025","passed","Tue Oct 14 14:00:58 UTC 2025","","UseBlogPkgConfig","",""
"","0","treats both undefined as equal","Middleware Utils","Tue Oct 14 14:01:18 UTC 2025","passed","Tue Oct 14 14:01:18 UTC 2025","sortByPriority","handlerFilter","",""
"","2","should set frontend navigation, rendering, and sitemap in the config setup hook","studiocms/blog","Tue Oct 14 14:01:26 UTC 2025","passed","Tue Oct 14 14:01:26 UTC 2025","","hooks","",""
"","1","throws for invalid sitemap url","validateUrl","Tue Oct 14 14:01:03 UTC 2025","passed","Tue Oct 14 14:01:03 UTC 2025","","","",""
"","0","skips metric groups with less than 4 items","processWebVitalsSummary","Tue Oct 14 14:01:19 UTC 2025","passed","Tue Oct 14 14:01:19 UTC 2025","","","",""
"","0","dashboardAPIRoute and authAPIRoute should be functions","consts.ts","Tue Oct 14 14:01:07 UTC 2025","passed","Tue Oct 14 14:01:07 UTC 2025","","","",""
"","0","should return mixed whitespace","String Utilities","Tue Oct 14 14:01:01 UTC 2025","passed","Tue Oct 14 14:01:01 UTC 2025","","getIndent","",""
"","6","Renderer handles whitespace-only content","MarkDoc Renderer component","Tue Oct 14 14:01:03 UTC 2025","passed","Tue Oct 14 14:01:03 UTC 2025","","Edge cases","",""
"","2","should allow valid colorway values","StudioCMSColorway","Tue Oct 14 14:01:06 UTC 2025","passed","Tue Oct 14 14:01:06 UTC 2025","","","",""
"","1","should handle rejecting promise directly","tryCatch","Tue Oct 14 14:01:01 UTC 2025","passed","Tue Oct 14 14:01:01 UTC 2025","","with direct promise values","",""
"","0","accepts valid processed config","ProcessedSDKSchema","Tue Oct 14 14:01:16 UTC 2025","passed","Tue Oct 14 14:01:16 UTC 2025","","","",""
"","121","verifyPasswordHash returns true for correct password","Password Module","Tue Oct 14 14:01:31 UTC 2025","passed","Tue Oct 14 14:01:31 UTC 2025","","","",""
"","5","Renderer throws with no props","Renderer component","Tue Oct 14 14:01:42 UTC 2025","passed","Tue Oct 14 14:01:42 UTC 2025","","","",""
"","0","returns undefined when opt is undefined","preRender","Tue Oct 14 14:01:24 UTC 2025","passed","Tue Oct 14 14:01:24 UTC 2025","","parseCallouts","",""
"","17","returns Effect that succeeds with value if no error is thrown","clack","Tue Oct 14 14:01:37 UTC 2025","passed","Tue Oct 14 14:01:37 UTC 2025","","useClackError","",""
"","1","testToken verifies a valid token","SDKCore_Generators","Tue Oct 14 14:01:33 UTC 2025","passed","Tue Oct 14 14:01:33 UTC 2025","","","",""
"","0","should default usernameAndPasswordConfig to {}","authProviderSchema","Tue Oct 14 14:01:24 UTC 2025","passed","Tue Oct 14 14:01:24 UTC 2025","","","",""
"","0","should create DownloadImageConfig with URL objects","WordPress API Configs","Tue Oct 14 14:00:58 UTC 2025","passed","Tue Oct 14 14:00:58 UTC 2025","","DownloadImageConfig","",""
"","3","fetches latest version from npm and returns it","getLatestVersion","Tue Oct 14 14:01:13 UTC 2025","passed","Tue Oct 14 14:01:13 UTC 2025","","","",""
"","0","logs and throws error for type ""error""","throwMsg","Tue Oct 14 14:01:03 UTC 2025","passed","Tue Oct 14 14:01:03 UTC 2025","","","",""
"","4","render component","Virtual Components Container tests","Tue Oct 14 14:01:34 UTC 2025","passed","Tue Oct 14 14:01:34 UTC 2025","","Generator component","",""
"","0","makeProvide returns an Effect","CacheContext","Tue Oct 14 14:01:05 UTC 2025","passed","Tue Oct 14 14:01:05 UTC 2025","","","",""
"","4","should apply runtimeLogger and log span","pipeLogger","Tue Oct 14 14:01:19 UTC 2025","passed","Tue Oct 14 14:01:19 UTC 2025","","","",""
"","10","returns Effect that succeeds with resolved value","clack","Tue Oct 14 14:01:37 UTC 2025","passed","Tue Oct 14 14:01:37 UTC 2025","","useClackErrorPromise","",""
"","1","plugin handles partial options","StudioCMS WYSIWYG Plugin","Tue Oct 14 14:01:15 UTC 2025","passed","Tue Oct 14 14:01:15 UTC 2025","","","",""
"","0","validates content sanitization","WYSIWYG Store Route","Tue Oct 14 14:01:00 UTC 2025","passed","Tue Oct 14 14:01:00 UTC 2025","","","",""
"","0","should escape special HTML characters in title and message","notification template","Tue Oct 14 14:01:39 UTC 2025","passed","Tue Oct 14 14:01:39 UTC 2025","","","",""
"","3","should create a plugin with correct metadata","@studiocms/discord","Tue Oct 14 14:01:08 UTC 2025","passed","Tue Oct 14 14:01:08 UTC 2025","","plugin creation","",""
"","1","throws if host is invalid","validateHost","Tue Oct 14 14:01:03 UTC 2025","passed","Tue Oct 14 14:01:03 UTC 2025","","","",""
"","1","defaults to enabled true and default lifetime","SDKCacheSchema","Tue Oct 14 14:01:16 UTC 2025","passed","Tue Oct 14 14:01:16 UTC 2025","","","",""
"","0","should accept empty object","HTMLSchema","Tue Oct 14 14:01:27 UTC 2025","passed","Tue Oct 14 14:01:27 UTC 2025","","validation","",""
"","0","returns multiple sitemap lines for array","generateSitemapContent","Tue Oct 14 14:01:03 UTC 2025","passed","Tue Oct 14 14:01:03 UTC 2025","","","",""
"","5","merges session config with defaults","Config Helper","Tue Oct 14 14:01:04 UTC 2025","passed","Tue Oct 14 14:01:04 UTC 2025","","makePasswordModConfig","",""
"","3","should return original src when CMS_CLOUDINARY_CLOUDNAME is not set","cloudinaryImageService","Tue Oct 14 14:01:03 UTC 2025","passed","Tue Oct 14 14:01:03 UTC 2025","","error handling","",""
"","1","buildkit CLI: help command: should show help with invalid command","buildkit CLI","Tue Oct 14 14:01:19 UTC 2025","passed","Tue Oct 14 14:01:19 UTC 2025","","","",""
"","0","returns NaN for empty array","webVitalsUtils","Tue Oct 14 14:01:00 UTC 2025","passed","Tue Oct 14 14:01:00 UTC 2025","","calculateLcpAverage","",""
"","0","handles empty arrays in sanitize options","WYSIWYG Types and Schema","Tue Oct 14 14:01:07 UTC 2025","passed","Tue Oct 14 14:01:07 UTC 2025","","Schema edge cases","",""
"","1","should handle plugin options with mixed types","studiocmsMDX","Tue Oct 14 14:00:57 UTC 2025","passed","Tue Oct 14 14:00:57 UTC 2025","","Edge cases","",""
"","0","preserves type information through generic parameter","Utils","Tue Oct 14 14:01:16 UTC 2025","passed","Tue Oct 14 14:01:16 UTC 2025","","parse","",""
"","1","getUserPermissionLevel returns correct enum","User Module","Tue Oct 14 14:01:03 UTC 2025","passed","Tue Oct 14 14:01:03 UTC 2025","","","",""
"","2","returns empty array if no input","processWebVitalsRouteSummary","Tue Oct 14 14:01:17 UTC 2025","passed","Tue Oct 14 14:01:17 UTC 2025","","","",""
"","0","returns ""Owner"" for ""owner""","getLabelForPermissionLevel","Tue Oct 14 14:01:43 UTC 2025","passed","Tue Oct 14 14:01:43 UTC 2025","","","",""
"","3","decryptToString throws on too-short data","Encryption Module","Tue Oct 14 14:01:28 UTC 2025","passed","Tue Oct 14 14:01:28 UTC 2025","","","",""
"","1","handles complex content structure","renderReact","Tue Oct 14 14:01:05 UTC 2025","passed","Tue Oct 14 14:01:05 UTC 2025","","","",""
"","0","sanitizedTarget returns null for invalid input","Libravatar Utils","Tue Oct 14 14:01:18 UTC 2025","passed","Tue Oct 14 14:01:18 UTC 2025","","","",""
"","29","Editor with props","Editor component","Tue Oct 14 14:01:46 UTC 2025","passed","Tue Oct 14 14:01:46 UTC 2025","","","",""
"","0","should handle empty endpoint path","pathGenerator utilities","Tue Oct 14 14:01:21 UTC 2025","passed","Tue Oct 14 14:01:21 UTC 2025","","pathGenerator","",""
"","5","parses valid JSON string to object","jsonParse","Tue Oct 14 14:01:40 UTC 2025","passed","Tue Oct 14 14:01:40 UTC 2025","","","",""
"","1","should create a plugin with custom options","studiocmsMDX","Tue Oct 14 14:00:57 UTC 2025","passed","Tue Oct 14 14:00:57 UTC 2025","","plugin creation","",""
